run,universe,direction,bucket,bucket_type,n_obs,n_days,n_symbols,mean_ret_net,t_stat_clustered,p_value_raw,ci_lo_net,ci_hi_net,mean_ret_neutral_net,t_stat_neutral_net,hit_rate_net,n_tests_cumulative,p_value_bonferroni
R14,full,long,in_bear_FVG,fvg_position,725,267,93,-0.0051272297169574705,-2.1246350096988738,0.03453933046654343,-0.00987868914628779,-0.0003757702876271496,0.0008529748537592442,0.18786652341458243,0.004879491349992607,342,1.0
R14,full,short,in_bear_FVG,fvg_position,725,267,93,0.004327229716957466,1.7931288940010333,0.07408830054770396,-0.00042422971237285594,0.009078689146287788,-0.001652974853759244,-0.3640654090784344,0.09832914387106313,342,1.0
R14,full,long,in_bull_FVG,fvg_position,21984,728,727,-0.00471245250668569,-1.986295242780602,0.047375631743421596,-0.009370188868181414,-5.471614518996488e-05,-0.0015919854781896487,-2.2316206570243127,0.35626047309146175,342,1.0
R14,full,short,in_bull_FVG,fvg_position,21984,728,727,0.003912452506685692,1.6490958350475655,0.09956000740814418,-0.0007452838548100329,0.008570188868181417,0.0007919854781896493,1.1101930120626093,0.49097852772690076,342,1.0
R14,full,long,outside,fvg_position,296483,728,748,-0.0014669606231729213,-0.736951657000064,0.4613895025828806,-0.005374930214922899,0.002441008968577057,2.7994705451640053e-06,0.01718951108805332,0.42821023305515976,342,1.0
R14,full,short,outside,fvg_position,296483,728,748,0.0006669606231729176,0.3350585752860649,0.7376775534866304,-0.0032410089685770602,0.004574930214922895,-0.0008027994705451636,-4.929407249616543,0.5077663851007531,342,1.0
R14,full,long,Q1,fvg_dist_bull_quintile,47044,728,739,-0.0024155514220903685,-1.2054802458656524,0.22841017092339255,-0.006349493019087913,0.0015183901749071765,-0.000188802254489171,-0.46608748096277935,0.39474388891014117,342,1.0
R14,full,short,Q1,fvg_dist_bull_quintile,47044,728,739,0.0016155514220903679,0.8062404748248999,0.42036785227009615,-0.0023183901749071773,0.005549493019087913,-0.0006111977455108298,-1.508835889412601,0.4920240235645155,342,1.0
R14,full,long,Q2,fvg_dist_bull_quintile,50215,728,743,-0.0025169100975638743,-1.2210265924179042,0.22247179294582906,-0.006563733936463932,0.0015299137413361833,-0.00037911438256053084,-0.9364906498661479,0.4288350678259546,342,1.0
R14,full,short,Q2,fvg_dist_bull_quintile,50215,728,743,0.001716910097563874,0.8329232291393381,0.40516157025441135,-0.0023299137413361837,0.005763733936463932,-0.0004208856174394689,-1.0396742079081391,0.521165883449706,342,1.0
R14,full,long,Q3,fvg_dist_bull_quintile,50591,728,739,-0.0020419024141257957,-0.9931283711316848,0.32097782598001257,-0.0060783685457312595,0.0019945637174796677,6.73861798893047e-05,0.16602088739868276,0.4326838920811294,342,1.0
R14,full,short,Q3,fvg_dist_bull_quintile,50591,728,739,0.0012419024141257962,0.6040291216234758,0.546012715250193,-0.002794563717479667,0.005278368545731259,-0.0008673861798893046,-2.1369993600932955,0.5243540469576468,342,1.0
R14,full,long,Q4,fvg_dist_bull_quintile,50178,728,730,-0.0030474021078656013,-1.465056658341156,0.14333777563328473,-0.007131038467956587,0.0010362342522253843,-0.0009965665873583258,-2.374706964842006,0.42799794524457296,342,1.0
R14,full,short,Q4,fvg_dist_bull_quintile,50178,728,730,0.0022474021078656005,1.0804519080695136,0.28029928303343626,-0.001836234252225385,0.006331038467956586,0.00019656658735832502,0.4683962416323723,0.5213371130686251,342,1.0
R14,full,long,Q5,fvg_dist_bull_quintile,49914,728,679,-0.0008593963716192888,-0.40721574452445136,0.6839694085073099,-0.005002641931334205,0.0032838491880956265,0.0011666862207587584,1.8437568651280818,0.4221053229133158,342,1.0
R14,full,short,Q5,fvg_dist_bull_quintile,49914,728,679,5.939637161928924e-05,0.028144333033924794,0.9775547592624495,-0.004083849188095626,0.004202641931334204,-0.001966686220758757,-3.108026096955632,0.5153556493273034,342,1.0
R15,full,long,in_bear_OB,ob_position,19991,723,722,0.00011803197200000014,0.038316869321379655,0.9694456328372012,-0.005929614276371166,0.006165678220371166,-0.001409068665460262,-2.1312105673258843,0.4460421205519245,342,1.0
R15,full,short,in_bear_OB,ob_position,19991,723,722,-0.0009180319720000002,-0.2980218876964322,0.7657721973932011,-0.006965678220371166,0.005129614276371166,0.0006090686654602622,0.9212138541395958,0.5153715807310578,342,1.0
R15,full,long,in_bull_OB,ob_position,20610,722,721,-0.006407341286007303,-2.4809389231987984,0.013330678690749715,-0.011477709861243935,-0.001336972710770672,5.956331953942959e-05,0.09271105215140774,0.4013645400325321,342,1.0
R15,full,short,in_bull_OB,ob_position,20610,722,721,0.005607341286007307,2.171176878387258,0.030243284640978953,0.0005369727107706768,0.010677709861243938,-0.0008595633195394296,-1.3379210621816253,0.5232694740647027,342,1.0
R15,full,long,outside,ob_position,278591,728,747,-0.0014808409357789413,-0.7419478833365741,0.45835853756411055,-0.005399222551603791,0.0024375406800459087,-2.372192526820841e-05,-0.14086257099456304,0.41346536476918067,342,1.0
R15,full,short,outside,ob_position,278591,728,747,0.0006808409357789378,0.34112272222158735,0.7331097587774792,-0.003237540680045912,0.004599222551603788,-0.0007762780747317915,-4.609597415770302,0.4955980386030802,342,1.0
R15,full,long,Q1,ob_imbalance_quintile,65512,728,368,-0.0025621954781335945,-1.1059645778986489,0.2691076937431313,-0.007110429074672504,0.0019860381184053145,-0.0010199015562864003,-1.5658869017230803,0.4293259630133418,342,1.0
R15,full,short,Q1,ob_imbalance_quintile,65512,728,368,0.0017621954781335942,0.7606467948216831,0.44711468697861206,-0.002786038118405314,0.006310429074672502,0.00021990155628640067,0.33762176803728744,0.5138917026018002,342,1.0
R15,full,long,Q2,ob_imbalance_quintile,64573,728,460,-0.002666198796013297,-1.2301572120919746,0.21903614638278046,-0.006921238627198522,0.0015888410351719271,-0.0011325279917896818,-2.519127927442854,0.42792234018001385,342,1.0
R15,full,short,Q2,ob_imbalance_quintile,64573,728,460,0.0018661987960132992,0.8610452872253379,0.3894969868922148,-0.0023888410351719253,0.006121238627198523,0.000332527991789682,0.7396554935919316,0.49825467343641816,342,1.0
R15,full,long,Q3,ob_imbalance_quintile,63826,728,584,-0.002387815186963325,-1.1423089770743844,0.2537016797412355,-0.006491640247798754,0.0017160098738721037,-0.0008216696365014695,-2.068547581147111,0.4203656480961231,342,1.0
R15,full,short,Q3,ob_imbalance_quintile,63826,728,584,0.001587815186963325,0.7595962836260771,0.44774217342382566,-0.0025160098738721036,0.005691640247798754,2.166963650146985e-05,0.05455315881004012,0.4944461252539223,342,1.0
R15,full,long,Q4,ob_imbalance_quintile,62353,728,696,-0.002449648816114222,-1.2409808068633421,0.21501313030678662,-0.006324994805861142,0.0014256971736326986,-0.0008112493993572595,-2.004130556255739,0.4022905608123702,342,1.0
R15,full,short,Q4,ob_imbalance_quintile,62353,728,696,0.0016496488161142227,0.835704491760557,0.40359573737409743,-0.0022256971736326968,0.005524994805861142,1.1249399357259605e-05,0.02779079406316962,0.4891097392107085,342,1.0
R15,full,long,Q5,ob_imbalance_quintile,62928,728,655,0.0016355511994787188,1.0154982305641245,0.31020622427873296,-0.0015264111318947216,0.004797513530852159,0.003328000798195267,4.049172703688164,0.3934101574272061,342,1.0
R15,full,short,Q5,ob_imbalance_quintile,62928,728,655,-0.002435551199478718,-1.5122106445259897,0.1309148397249307,-0.005597513530852158,0.0007264111318947223,-0.004128000798195268,-5.022531293237538,0.49706528134552186,342,1.0
R16,full,long,Q1,poc_dist_quintile,61643,728,688,-0.0012778415807513947,-0.5874699033922529,0.5570705684305187,-0.0055481880526445275,0.0029925048911417377,0.00026564280033760924,0.4510043025510463,0.44448836326840374,342,1.0
R16,full,short,Q1,poc_dist_quintile,61643,728,688,0.00047784158075139555,0.21968102424383198,0.8261812507563541,-0.003792504891141737,0.004748188052644528,-0.0010656428003376097,-1.8092321242058662,0.5245857576524159,342,1.0
R16,full,long,Q2,poc_dist_quintile,62907,728,714,-0.002404102825999824,-1.1406685107401004,0.25438351641924767,-0.006541862906188488,0.0017336572541888397,-0.000820783259590159,-1.9942122367497113,0.45583278203068395,342,1.0
R16,full,short,Q2,poc_dist_quintile,62907,728,714,0.0016041028259998248,0.7610945596082173,0.44684738262095425,-0.002533657254188839,0.005741862906188488,2.078325959015894e-05,0.050495950191450124,0.5293450524525092,342,1.0
R16,full,long,Q3,poc_dist_quintile,63058,728,729,-0.0019995105393709354,-0.9738923839205256,0.3304339018011,-0.006030247401076965,0.002031226322335094,-0.0004252578062599119,-1.1363270747428176,0.4593488254927892,342,1.0
R16,full,short,Q3,poc_dist_quintile,63058,728,729,0.0011995105393709366,0.5842400706191234,0.5592400458329446,-0.0028312263223350927,0.005230247401076966,-0.00037474219374008817,-1.0013448184302562,0.5271742553057497,342,1.0
R16,full,long,Q4,poc_dist_quintile,63042,728,736,-0.0018884336339062442,-0.9442097510725688,0.3453761560466259,-0.005814927873318072,0.0020380606055055827,-0.00031064795717331895,-0.8740367885117996,0.46115679047349023,342,1.0
R16,full,short,Q4,poc_dist_quintile,63042,728,736,0.001088433633906244,0.5442127444022474,0.5864619485625363,-0.002838060605505583,0.005014927873318071,-0.0004893520428266809,-1.3768372786217575,0.5240682985225089,342,1.0
R16,full,long,Q5,poc_dist_quintile,63243,728,729,-0.0011456780547894406,-0.5973639771587504,0.550450404030026,-0.004910940767839482,0.0026195846582606013,0.00042313974751125846,0.7775880231020811,0.4432257963430111,342,1.0
R16,full,short,Q5,poc_dist_quintile,63243,728,729,0.0003456780547894405,0.1802387824068705,0.8570153411660887,-0.0034195846582606012,0.0041109407678394825,-0.0012231397475112587,-2.247717979317347,0.5385049276906444,342,1.0
R16,full,long,Q1,node_rank_quintile,61812,728,744,-0.002051471332992777,-1.0342778358242546,0.30135021347787366,-0.005945507255188965,0.0018425645892034105,-0.000476482067046194,-1.069804293151801,0.4455634960789274,342,1.0
R16,full,short,Q1,node_rank_quintile,61812,728,744,0.0012514713329927778,0.6309466971666539,0.5282736780103242,-0.00264256458920341,0.005145507255188965,-0.0003235179329538067,-0.7263670503511839,0.5246173792056665,342,1.0
R16,full,long,Q2,node_rank_quintile,62812,728,743,-0.002031459128423905,-0.999804818441886,0.3177376286729087,-0.006020464145902314,0.0019575458890545047,-0.0004698737275063435,-1.2828274432331654,0.4537535834672211,342,1.0
R16,full,short,Q2,node_rank_quintile,62812,728,743,0.0012314591284239061,0.6060760726540928,0.5446534203987308,-0.0027575458890545038,0.005220464145902316,-0.0003301262724936567,-0.9012954274644255,0.5291087798884794,342,1.0
R16,full,long,Q3,node_rank_quintile,62920,728,742,-0.001586024282502403,-0.7643091773368437,0.4449310134243554,-0.005659944098562105,0.002487895533557299,-3.740251955486261e-05,-0.09606289999828051,0.4559166194344732,342,1.0
R16,full,short,Q3,node_rank_quintile,62920,728,742,0.0007860242825024038,0.3787871215807094,0.7049565448775217,-0.003287895533557298,0.004859944098562106,-0.0007625974804451377,-1.9586200709149266,0.5284495245292524,342,1.0
R16,full,long,Q4,node_rank_quintile,62998,728,740,-0.0019269485630371362,-0.9311445782253264,0.3520878818119666,-0.005989741811995801,0.0021358446859215284,-0.00036582646894228515,-0.9408543239830192,0.45509246133005704,342,1.0
R16,full,short,Q4,node_rank_quintile,62998,728,740,0.0011269485630371367,0.5445667126458886,0.5862185456149825,-0.002935844685921528,0.005189741811995802,-0.0004341735310577144,-1.1166333732922769,0.5307626878366885,342,1.0
R16,full,long,Q5,node_rank_quintile,63351,728,737,-0.0011365986449791018,-0.5586305616334509,0.5765858921911673,-0.005131022636074107,0.0028578253461159033,0.00046516359552296904,1.0803792827528518,0.4536765742757313,342,1.0
R16,full,short,Q5,node_rank_quintile,63351,728,737,0.00033659864497910253,0.1654359618677813,0.8686468421951352,-0.0036578253461159024,0.004331022636074108,-0.0012651635955229685,-2.938442627608056,0.5307804396534165,342,1.0
R16,full,long,above_VA,value_area,14559,701,668,0.0027817029174445553,0.6295468891066958,0.5291964940896602,-0.00589355344416846,0.01145695927905757,0.0003665239634325686,0.3054655019519779,0.4686283880658155,342,1.0
R16,full,short,above_VA,value_area,14559,701,668,-0.003581702917444554,-0.8106005552357979,0.4178705949766112,-0.012256959279057568,0.005093553444168461,-0.001166523963432569,-0.9721951729753597,0.5153956441592135,342,1.0
R16,full,long,below_VA,value_area,74765,726,727,0.001154428654319366,0.37904737787949294,0.7047636646319693,-0.004824829687049041,0.007133686995687773,-0.0006078655331079523,-1.1049462220893687,0.47685015929388413,342,1.0
R16,full,short,below_VA,value_area,74765,726,727,-0.0019544286543193663,-0.6417209533915103,0.5212572126581954,-0.007933686995687774,0.004024829687049041,-0.00019213446689204805,-0.3492520002574662,0.49310596960359326,342,1.0
R16,full,long,inside_VA,value_area,229868,728,748,-0.0029106024109802663,-1.4349453336190643,0.15173271961313428,-0.006892767378969178,0.0010715625570086457,2.854263160290809e-05,0.14445011836867602,0.39289807957875134,342,1.0
R16,full,short,inside_VA,value_area,229868,728,748,0.002110602410980265,1.04054029136232,0.2984348725915285,-0.001871562557008647,0.006092767378969177,-0.0008285426316029074,-4.193134076548859,0.4992038995231221,342,1.0
R17,full,long,Q1,dist_swing_high_q,63935,728,745,-0.002209521230212116,-1.2434222571168618,0.21411309175799295,-0.005698121908606429,0.0012790794481821969,-0.00040726083891821127,-0.6397362114020333,0.3944431527551732,342,1.0
R17,full,short,Q1,dist_swing_high_q,63935,728,745,0.001409521230212116,0.7932171212295758,0.4279101301457172,-0.0020790794481821964,0.004898121908606429,-0.00039273916108178904,-0.6169251717082824,0.5220588235294118,342,1.0
R17,full,long,Q2,dist_swing_high_q,66088,728,742,-0.0025286606061071955,-1.3007465373061033,0.19375736892754195,-0.006345198539644847,0.0012878773274304558,-0.0009345386416469753,-2.6371691402014887,0.44142840606551687,342,1.0
R17,full,short,Q2,dist_swing_high_q,66088,728,742,0.0017286606061071958,0.8892254231907324,0.3741760764478935,-0.0020878773274304553,0.005545198539644847,0.00013453864164697545,0.3796538078840164,0.508392175020257,342,1.0
R17,full,long,Q3,dist_swing_high_q,66128,728,738,-0.0020120608747015733,-0.9778986375044345,0.3284497484328291,-0.006051480713334733,0.002027358963931587,-0.0005104803363633767,-1.2876090089476402,0.4453672087505064,342,1.0
R17,full,short,Q3,dist_swing_high_q,66128,728,738,0.001212060874701574,0.5890839053857656,0.5559879854219267,-0.002827358963931586,0.005251480713334734,-0.0002895196636366235,-0.7302693181518436,0.5056137507957637,342,1.0
R17,full,long,Q4,dist_swing_high_q,64437,728,728,-0.0013942311334819294,-0.6408053876199271,0.5218510670583953,-0.005665730447294829,0.0028772681803309694,0.0001934256925370294,0.4246765403958297,0.43196550526681327,342,1.0
R17,full,short,Q4,dist_swing_high_q,64437,728,728,0.0005942311334819297,0.27311577161223394,0.7848417873391166,-0.0036772681803309685,0.004865730447294828,-0.000993425692537029,-2.18111968846223,0.49502257205695105,342,1.0
R17,full,long,Q5,dist_swing_high_q,57310,728,691,-0.00017253334336296553,-0.07561682155745912,0.939744755997038,-0.0046520003143435944,0.004306933627617663,0.001344116782425612,2.004268024536804,0.3676915540443189,342,1.0
R17,full,short,Q5,dist_swing_high_q,57310,728,691,-0.0006274666566370338,-0.27500211427748067,0.7833927482756909,-0.005106933627617663,0.003852000314343595,-0.002144116782425612,-3.1971810515848698,0.4535919084805348,342,1.0
R17,full,long,Q1,dist_swing_low_q,57843,728,741,-0.00017191640416723436,-0.08427987962858904,0.932857111235504,-0.004176571620445746,0.0038327388121112767,0.0011083532951195049,1.854147945685852,0.38083059664622626,342,1.0
R17,full,short,Q1,dist_swing_low_q,57843,728,741,-0.0006280835958327651,-0.3079101736096321,0.7582388784295144,-0.004632738812111276,0.003376571620445746,-0.001908353295119505,-3.1924561936788782,0.4489232468249586,342,1.0
R17,full,long,Q2,dist_swing_low_q,65619,728,743,-0.0018118604575428727,-0.8967043936838057,0.37017350640834046,-0.005778723149952847,0.002155002234867102,-0.0002564397736082472,-0.656808396168643,0.4420650538256743,342,1.0
R17,full,short,Q2,dist_swing_low_q,65619,728,743,0.0010118604575428721,0.5007779237613444,0.6166789973885842,-0.0029550022348671023,0.004978723149952847,-0.000543560226391753,-1.3921979242690694,0.5003762009491839,342,1.0
R17,full,long,Q3,dist_swing_low_q,66106,728,740,-0.0026076174192429377,-1.2796879041746374,0.2010631455366083,-0.0066080921137468005,0.0013928572752609251,-0.0010636506629791067,-2.9659381174846495,0.441724537037037,342,1.0
R17,full,short,Q3,dist_swing_low_q,66106,728,740,0.0018076174192429382,0.887088009809408,0.3753248806142439,-0.0021928572752609246,0.005808092113746801,0.0002636506629791062,0.7351770447259999,0.5081886574074074,342,1.0
R17,full,long,Q4,dist_swing_low_q,65093,728,742,-0.002155368382003979,-1.0448716539549057,0.29642958389841273,-0.00620513763932501,0.0018944008753170516,-0.0004854748617629174,-1.17496787526415,0.42907165181155227,342,1.0
R17,full,short,Q4,dist_swing_low_q,65093,728,742,0.0013553683820039782,0.6570505602879659,0.5113563512349886,-0.002694400875317053,0.005405137639325009,-0.0003145251382370825,-0.7612277431824301,0.5067137400162056,342,1.0
R17,full,long,Q5,dist_swing_low_q,63244,728,732,-0.0015838932634167006,-0.7646101950567467,0.4447518048746001,-0.005650737568499691,0.0024829510416662895,0.00035120540710009153,0.47434695472592464,0.3870358897517541,342,1.0
R17,full,short,Q5,dist_swing_low_q,63244,728,732,0.0007838932634166998,0.3784174065819142,0.7052310131998577,-0.0032829510416662903,0.00485073756849969,-0.001151205407100092,-1.5548473004184697,0.5199187401847076,342,1.0
R14,exec,long,in_bear_FVG,fvg_position,561,267,91,-0.006053615419043081,-2.0382396593688035,0.042515048887654144,-0.011901356868648629,-0.0002058739694375325,-0.000743005036578857,-0.15822694063386028,0.005331179321486268,342,1.0
R14,exec,short,in_bear_FVG,fvg_position,561,267,91,0.005253615419043078,1.7688813313908422,0.07805963696966282,-0.0005941260305624705,0.011101356868648625,-5.6994963421141784e-05,-0.012137385683399634,0.08093699515347334,342,1.0
R14,exec,long,in_bull_FVG,fvg_position,20475,728,693,-0.004792027205420099,-2.002701975886829,0.045580154298306426,-0.009489612427410114,-9.444198343008456e-05,-0.001826158780339577,-2.403076075304644,0.35066064697842025,342,1.0
R14,exec,short,in_bull_FVG,fvg_position,20475,728,693,0.0039920272054201,1.6683629765386387,0.09567428367409606,-0.0007055580165699149,0.008689612427410114,0.0010261587803395773,1.350341296192923,0.4890030236507476,342,1.0
R14,exec,long,outside,fvg_position,275394,728,723,-0.0014083083751219763,-0.7018492671506977,0.4829977922964773,-0.005347668007164295,0.002531051256920342,-2.0611584951430916e-06,-0.010705005267540821,0.42638001201791764,342,1.0
R14,exec,short,outside,fvg_position,275394,728,723,0.0006083083751219761,0.3031585942560432,0.7618557308148886,-0.0033310512569203424,0.004547668007164295,-0.0007979388415048571,-4.144241950152363,0.5071902654867256,342,1.0
R14,exec,long,Q1,fvg_dist_bull_quintile,42847,728,708,-0.0024199786490217002,-1.186752692901478,0.23571283785080463,-0.006423323733019116,0.0015833664349757157,-0.00029105299258361814,-0.6653982273579415,0.38983121483642424,342,1.0
R14,exec,short,Q1,fvg_dist_bull_quintile,42847,728,708,0.0016199786490217003,0.7944342917845973,0.4272018975158071,-0.0023833664349757156,0.005623323733019116,-0.0005089470074163818,-1.163542190540083,0.4917066055428214,342,1.0
R14,exec,long,Q2,fvg_dist_bull_quintile,46185,728,711,-0.002516080625880466,-1.2063141399990231,0.22808879732410373,-0.006610910415759766,0.0015787491639988344,-0.00042442060473262547,-0.9744259150966351,0.42755393598078595,342,1.0
R14,exec,short,Q2,fvg_dist_bull_quintile,46185,728,711,0.0017160806258804668,0.8227607267766185,0.41091385575125433,-0.0023787491639988326,0.005810910415759766,-0.0003755793952673744,-0.8622915377904589,0.5235620522588927,342,1.0
R14,exec,long,Q3,fvg_dist_bull_quintile,46596,728,705,-0.0019951952626627075,-0.962979656320096,0.3358779214441162,-0.006062811867360134,0.0020724213420347188,5.1392389245060824e-05,0.11987125568212492,0.4333257398471638,342,1.0
R14,exec,short,Q3,fvg_dist_bull_quintile,46596,728,705,0.0011951952626627076,0.5768601924897971,0.5642124748989927,-0.0028724213420347187,0.005262811867360134,-0.0008513923892450612,-1.9858480268421923,0.526290720069584,342,1.0
R14,exec,long,Q4,fvg_dist_bull_quintile,46065,728,689,-0.0025632571701246954,-1.2211852241033465,0.22241177527188538,-0.006684064971104369,0.0015575506308549785,-0.0005767149139908401,-1.2948842638002993,0.42755393598078595,342,1.0
R14,exec,short,Q4,fvg_dist_bull_quintile,46065,728,689,0.0017632571701246967,0.8400497724330211,0.40115665322577426,-0.002357550630854977,0.00588406497110437,-0.0002232850860091598,-0.5013366868108245,0.5209739533728105,342,1.0
R14,exec,long,Q5,fvg_dist_bull_quintile,45724,728,654,-0.0012683846404507393,-0.610376906424638,0.5418029154948353,-0.005348050550506248,0.0028112812696047696,0.0006802913693977429,1.096321743496413,0.41917881558355985,342,1.0
R14,exec,short,Q5,fvg_dist_bull_quintile,45724,728,654,0.00046838464045073966,0.22539784757527748,0.82173313026203,-0.003611281269604769,0.004548050550506249,-0.0014802913693977434,-2.3855596116375057,0.5151346676550531,342,1.0
R15,exec,long,in_bear_OB,ob_position,18580,722,689,0.0003604662665405777,0.11677831419438268,0.9070682490399995,-0.005699639063749875,0.006420571596831031,-0.0011788978128630435,-1.6799459565032728,0.44430583710172045,342,1.0
R15,exec,short,in_bear_OB,ob_position,18580,722,689,-0.0011604662665405767,-0.3759500038287287,0.7070646544861885,-0.007220571596831029,0.004899639063749876,0.00037889781286304375,0.5399347099485642,0.5154114039191227,342,1.0
R15,exec,long,in_bull_OB,ob_position,19265,722,689,-0.006149706020322474,-2.3922159807572445,0.017002101974970645,-0.011196687531654915,-0.0011027245089900344,5.9373150470646165e-05,0.08871989772787676,0.39879720952610054,342,1.0
R15,exec,short,in_bull_OB,ob_position,19265,722,689,0.005349706020322473,2.081018538427238,0.0377846002500812,0.000302724508990034,0.010396687531654913,-0.0008593731504706457,-1.2841410202332686,0.5220110656723599,342,1.0
R15,exec,long,outside,ob_position,258585,728,723,-0.0014601616052370128,-0.7252847687570646,0.46851073422476935,-0.0054125906884613505,0.0024922674779873245,-6.8120578983339e-05,-0.34701908064008835,0.4115287512579227,342,1.0
R15,exec,short,outside,ob_position,258585,728,723,0.0006601616052370119,0.32791244166353717,0.7430722783287157,-0.0032922674779873257,0.004612590688461349,-0.0007318794210166615,-3.72833184349064,0.4946770007591674,342,1.0
R15,exec,long,Q1,ob_imbalance_quintile,60901,728,358,-0.00250168980025471,-1.0739492397897605,0.2832017533955893,-0.007074902722167676,0.0020715231216582555,-0.0010145690332366147,-1.4991948560663697,0.42827610861557114,342,1.0
R15,exec,short,Q1,ob_imbalance_quintile,60901,728,358,0.0017016898002547107,0.7305176153955883,0.46530919467676085,-0.0028715231216582537,0.006274902722167675,0.00021456903323661494,0.31706151120467485,0.513561403236085,342,1.0
R15,exec,long,Q2,ob_imbalance_quintile,60255,728,449,-0.002674446116589706,-1.2284479958245806,0.21967636427722942,-0.006948586626499706,0.001599694393320294,-0.0012061911820613353,-2.5333405068706982,0.4275109035231526,342,1.0
R15,exec,short,Q2,ob_imbalance_quintile,60255,728,449,0.0018744461165897065,0.8609855928381941,0.3895298420331874,-0.002399694393320292,0.006148586626499706,0.0004061911820613359,0.8531156506144534,0.49924216647591946,342,1.0
R15,exec,long,Q3,ob_imbalance_quintile,59219,728,562,-0.0025036987394591948,-1.196831459563863,0.23176238498481266,-0.006610661767711014,0.0016032642887926244,-0.0010043729276637602,-2.5642198771950193,0.41873163186388246,342,1.0
R15,exec,short,Q3,ob_imbalance_quintile,59219,728,562,0.0017036987394591957,0.8144111816921314,0.4156761191458478,-0.0024032642887926235,0.0058106617677110145,0.00020437292766376,0.5217754372322099,0.4926836813611756,342,1.0
R15,exec,long,Q4,ob_imbalance_quintile,57825,728,660,-0.002141301688903883,-1.0767251109242184,0.28196025492800325,-0.00604561567891959,0.0017630123011118238,-0.0005727397970027965,-1.3768891403821901,0.4005536824522874,342,1.0
R15,exec,short,Q4,ob_imbalance_quintile,57825,728,660,0.0013413016889038847,0.6744557374851551,0.5002360251020327,-0.002563012301111822,0.005245615678919592,-0.0002272602029972044,-0.54634252270473,0.4861270067122398,342,1.0
R15,exec,long,Q5,ob_imbalance_quintile,58230,728,629,0.0016527383677472922,1.007468656429284,0.3140448077616939,-0.0015679172208961424,0.004873393956390727,0.003240407006657578,4.079352124876205,0.38841142223454395,342,1.0
R15,exec,short,Q5,ob_imbalance_quintile,58230,728,629,-0.002452738367747292,-1.495128978759662,0.13531471452894317,-0.005673393956390727,0.0007679172208961424,-0.0040404070066575775,-5.086473049252673,0.49681175492098695,342,1.0
R16,exec,long,Q1,poc_dist_quintile,57158,728,669,-0.0014260826663105262,-0.6588528722167829,0.510198863994823,-0.00567548621860838,0.0028233208859873276,6.35631042194598e-05,0.10635865202931606,0.44313498416158587,342,1.0
R16,exec,short,Q1,poc_dist_quintile,57158,728,669,0.000626082666310527,0.28925136858371453,0.772471489451786,-0.003623320885987327,0.004875486218608381,-0.0008635631042194596,-1.444979895725648,0.5246091488129705,342,1.0
R16,exec,long,Q2,poc_dist_quintile,58449,728,691,-0.0022205912049581725,-1.0439962159348894,0.2968341548460248,-0.006396407741998161,0.0019552253320818153,-0.0007241619968576421,-1.6879817846514045,0.4559740964263918,342,1.0
R16,exec,short,Q2,poc_dist_quintile,58449,728,691,0.0014205912049581738,0.6678815258996103,0.5044211845776327,-0.002755225332081814,0.005596407741998162,-7.583800314235824e-05,-0.17677421411800748,0.5293788567166203,342,1.0
R16,exec,long,Q3,poc_dist_quintile,58602,728,698,-0.0019691890966679706,-0.9562132481913578,0.33928236248366417,-0.006012195088202393,0.0020738168948664522,-0.0004682846614946406,-1.205391016254694,0.45895364395440613,342,1.0
R16,exec,short,Q3,poc_dist_quintile,58602,728,698,0.0011691890966679707,0.5677433953735257,0.5703845060863436,-0.002873816894866452,0.0052121950882023935,-0.0003317153385053593,-0.8538539095259711,0.5275477194586996,342,1.0
R16,exec,long,Q4,poc_dist_quintile,58576,728,697,-0.0017728885359559903,-0.8725684381077744,0.3831864422745564,-0.005761793145808608,0.0022160160738966266,-0.00027072606122076576,-0.6996805473947327,0.45961890554010987,342,1.0
R16,exec,short,Q4,poc_dist_quintile,58576,728,697,0.0009728885359559909,0.47882978148669775,0.6322037070405504,-0.003016016073896626,0.004961793145808608,-0.0005292739387792341,-1.3678870720349237,0.5260561470129518,342,1.0
R16,exec,long,Q5,poc_dist_quintile,58755,728,699,-0.001119765414110134,-0.5751337764302366,0.5653787742094754,-0.00494211051524625,0.002702579687025982,0.000359893524249662,0.6606281493260848,0.44226392190582164,342,1.0
R16,exec,short,Q5,poc_dist_quintile,58755,728,699,0.0003197654141101327,0.16423787328267214,0.8695895377590502,-0.0035025796870259834,0.0041421105152462485,-0.0011598935242496625,-2.129125034794467,0.5403031375920961,342,1.0
R16,exec,long,Q1,node_rank_quintile,57321,728,714,-0.0022285492267604744,-1.1237010692585248,0.26151077618297297,-0.006122075921062519,0.0016649774675415708,-0.0007176630188169524,-1.5716371754691298,0.444991314418066,342,1.0
R16,exec,short,Q1,node_rank_quintile,57321,728,714,0.0014285492267604755,0.7203171795907202,0.47156125685793115,-0.00246497746754157,0.00532207592106252,-8.233698118304713e-05,-0.18031284481747123,0.524575087707347,342,1.0
R16,exec,long,Q2,node_rank_quintile,58339,728,711,-0.0020820698259277925,-1.018634902178332,0.30871518778521917,-0.006094878528113917,0.0019307388762583315,-0.0005963261702406455,-1.5465128400855104,0.45248186071743407,342,1.0
R16,exec,short,Q2,node_rank_quintile,58339,728,711,0.0012820698259277937,0.6272417262172266,0.5306977331265756,-0.0027307388762583306,0.0052948785281139174,-0.00020367382975935443,-0.5282078980117896,0.5303790601478267,342,1.0
R16,exec,long,Q3,node_rank_quintile,58480,728,710,-0.0017230751620271384,-0.8244221671380422,0.40997012083597767,-0.005826309122697464,0.0023801587986431874,-0.00024866345375525195,-0.6038238611720667,0.4546516945277171,342,1.0
R16,exec,short,Q3,node_rank_quintile,58480,728,710,0.0009230751620271371,0.4416543411921842,0.6588706872573477,-0.0031801587986431887,0.005026309122697463,-0.0005513365462447479,-1.338798110985958,0.5301559880087394,342,1.0
R16,exec,long,Q4,node_rank_quintile,58528,728,703,-0.0016605014745667745,-0.7912231619046861,0.42907183022661705,-0.005780641655897205,0.0024596387067636555,-0.00017472361656085443,-0.41581673065395053,0.4543635993761443,342,1.0
R16,exec,short,Q4,node_rank_quintile,58528,728,703,0.0008605014745667753,0.4100259517733956,0.6819077062224606,-0.003259638706763656,0.004980641655897206,-0.0006252763834391456,-1.488066619925052,0.5314979317827355,342,1.0
R16,exec,long,Q5,node_rank_quintile,58872,728,701,-0.0008354143910514813,-0.40526410200677565,0.6854026181132716,-0.004882436111665022,0.0032116073295620595,0.0006768237673582074,1.4586353858903938,0.45340819044728814,342,1.0
R16,exec,short,Q5,node_rank_quintile,58872,728,701,3.5414391051480805e-05,0.017179715290193902,0.9862979582354238,-0.004011607329562059,0.004082436111665022,-0.0014768237673582075,-3.1827301428860237,0.5313337716858024,342,1.0
R16,exec,long,above_VA,value_area,12751,682,634,0.002381710839761797,0.5306068497232405,0.5958642301433527,-0.006431554012253905,0.0111949756917775,-0.00010948367894778967,-0.08601756532236328,0.46826758147512865,342,1.0
R16,exec,short,above_VA,value_area,12751,682,634,-0.003181710839761798,-0.7088339764978103,0.4786700874678057,-0.011994975691777501,0.005631554012253904,-0.0006905163210522094,-0.5425149512978211,0.5183221581163262,342,1.0
R16,exec,long,below_VA,value_area,71501,725,702,0.0010806886075600864,0.3555585293585591,0.7222747716603394,-0.004886423425987527,0.0070478006411077,-0.0005965583520351849,-1.0537914306708218,0.475132015227803,342,1.0
R16,exec,short,below_VA,value_area,71501,725,702,-0.0018806886075600875,-0.6187673959062083,0.536264232636485,-0.0078478006411077,0.004086423425987525,-0.00020344164796481525,-0.3593698161051444,0.49428957386712513,342,1.0
R16,exec,long,inside_VA,value_area,212178,728,716,-0.00281363771449612,-1.3727216091683545,0.17026220569695497,-0.006837632649161596,0.0012103572201693554,2.6748709025187007e-05,0.11869257031702551,0.39034481013512373,342,1.0
R16,exec,short,inside_VA,value_area,212178,728,716,0.002013637714496119,0.9824164601874552,0.32622154125417246,-0.0020103572201693566,0.0060376326491615945,-0.0008267487090251864,-3.6685482349104124,0.49759611329475867,342,1.0
R17,exec,long,Q1,dist_swing_high_q,59139,728,710,-0.0026573681894591977,-1.4755209136678777,0.140505501475628,-0.0061930899502276055,0.0008783535713092097,-0.000949405789425267,-1.5172552175762077,0.38964135974687886,342,1.0
R17,exec,short,Q1,dist_swing_high_q,59139,728,710,0.001857368189459197,1.0313157276433809,0.3027357524877153,-0.0016783535713092105,0.005393089950227604,0.00014940578942526723,0.23876693829601162,0.5209089917236864,342,1.0
R17,exec,long,Q2,dist_swing_high_q,61598,728,708,-0.002449697237645015,-1.2458102317891588,0.21323540415440229,-0.006310096625313677,0.0014107021500236465,-0.0009058249374595255,-2.406429822429835,0.4402594782500737,342,1.0
R17,exec,short,Q2,dist_swing_high_q,61598,728,708,0.0016496972376450136,0.8389647775364352,0.40176484807230284,-0.0022107021500236473,0.005510096625313674,0.00010582493745952556,0.2811363155595982,0.5095519654856682,342,1.0
R17,exec,long,Q3,dist_swing_high_q,61642,728,702,-0.001808039654386834,-0.8716730295147784,0.3836745438747288,-0.005880211168908756,0.002264131860135088,-0.00039056147375523734,-0.9385027275194215,0.4456616186693148,342,1.0
R17,exec,short,Q3,dist_swing_high_q,61642,728,702,0.0010080396543868343,0.4859854579397441,0.6271239211189041,-0.0030641318601350867,0.005080211168908755,-0.0004094385262447625,-0.983863487449494,0.5050583416087389,342,1.0
R17,exec,long,Q4,dist_swing_high_q,60065,728,699,-0.0011813288196905346,-0.5405363531899257,0.5889927559842508,-0.00547192469426682,0.0031092670548857502,0.0003630866610551644,0.7604229131102281,0.4307928674519298,342,1.0
R17,exec,short,Q4,dist_swing_high_q,60065,728,699,0.00038132881969053475,0.17448324812369928,0.8615342725533055,-0.003909267054885751,0.004671924694266819,-0.0011630866610551642,-2.4358860896430516,0.49609696292502753,342,1.0
R17,exec,long,Q5,dist_swing_high_q,52965,728,670,1.2974797486055306e-05,0.005669773911596977,0.9954777545752687,-0.004479716369694141,0.004505665964666251,0.0014325171879704505,2.023083575166941,0.36344956509648213,342,1.0
R17,exec,short,Q5,dist_swing_high_q,52965,728,670,-0.0008129747974860555,-0.3552566660501806,0.7225003591512997,-0.0053056659646662525,0.003679716369694141,-0.0022325171879704507,-3.1528898167426886,0.4502294251239823,342,1.0
R17,exec,long,Q1,dist_swing_low_q,53612,728,712,8.260679839947883e-05,0.03991132199859682,0.9681747821656256,-0.003980810229088459,0.004146023825887417,0.0012676265988605898,2.0659424928464247,0.37733790523690774,342,1.0
R17,exec,short,Q1,dist_swing_low_q,53612,728,712,-0.0008826067983994784,-0.42642984368819764,0.6699208937953759,-0.0049460238258874165,0.003180810229088459,-0.0020676265988605904,-3.369760191025624,0.44789588528678304,342,1.0
R17,exec,long,Q2,dist_swing_low_q,61107,728,706,-0.001918328483082844,-0.9434610443658851,0.3457585532378847,-0.005910146384001673,0.002073489417835985,-0.00040339898065474617,-0.9937904778437382,0.44045439026661287,342,1.0
R17,exec,short,Q2,dist_swing_low_q,61107,728,706,0.0011183284830828446,0.5500097443675873,0.5824816216865755,-0.0028734894178359845,0.005110146384001674,-0.0003966010193452539,-0.9770434121789752,0.50102424035507,342,1.0
R17,exec,long,Q3,dist_swing_low_q,61575,728,706,-0.002407694160477633,-1.1689374181877623,0.2428119834375554,-0.006451420692992771,0.001636032372037505,-0.0009534674789243775,-2.5390724264666265,0.44102404965089215,342,1.0
R17,exec,short,Q3,dist_swing_low_q,61575,728,706,0.0016076941604776336,0.7805367857898766,0.43532904693783414,-0.0024360323720375044,0.0056514206929927716,0.00015346747892437736,0.40868205021090204,0.5084871993793638,342,1.0
R17,exec,long,Q4,dist_swing_low_q,60495,728,707,-0.002057313948751027,-0.9923422119572062,0.32136078145274216,-0.006127467783068245,0.002012839885566191,-0.00045671316607134616,-1.0387971690852367,0.42712374685744436,342,1.0
R17,exec,short,Q4,dist_swing_low_q,60495,728,707,0.0012573139487510273,0.6064634451079771,0.5443963722001506,-0.0028128398855661895,0.005327467783068245,-0.000343286833928654,-0.7808082134720239,0.5060212917843508,342,1.0
R17,exec,long,Q5,dist_swing_low_q,58627,728,697,-0.001787419160119845,-0.8638239701189508,0.3879695000405092,-0.005849727430236117,0.002274889109996427,7.393069112003837e-05,0.09982651692382374,0.3836920082188818,342,1.0
R17,exec,short,Q5,dist_swing_low_q,58627,728,697,0.000987419160119845,0.4771999529248944,0.6333631633921631,-0.003074889109996427,0.005049727430236117,-0.0008739306911200378,-1.1800438438441336,0.5178359004464769,342,1.0
R18,BTC_bear,long,ALL,baseline,141904,340,722,-0.0011612989610558495,-0.40428639816408607,0.6862570679512778,-0.006811400828835792,0.0044888029067240934,-6.778850711580194e-05,-0.23573097557376557,0.41068162341233805,342,1.0
R18,BTC_bear,short,ALL,baseline,141904,340,722,0.00036129896105585016,0.12578006226139327,0.8999805853532731,-0.005288802906724093,0.006011400828835793,-0.0007322114928841985,-2.546227035934828,0.4905283892505852,342,1.0
R18,BTC_bear,long,H1_signal,H1,16879,340,647,0.006344742756258351,1.9153210374998562,0.056292712856736454,-0.00017114823785212546,0.012860633750368826,0.0030395295561919246,2.805451535825324,0.48385960793520366,342,1.0
R18,BTC_bear,short,H1_signal,H1,16879,340,647,-0.007144742756258352,-2.1568212667232545,0.03172219113812199,-0.013660633750368828,-0.0006288517621478758,-0.0038395295561919245,-3.543842522709527,0.49882615330437846,342,1.0
R18,BTC_bear,long,rest,H1,125025,340,721,-0.002174652115597313,-0.7583248848770727,0.4487833807263115,-0.007815389158153076,0.0034660849269584505,-0.0004872919791459641,-1.5794561460183234,0.40173265194797736,342,1.0
R18,BTC_bear,short,rest,H1,125025,340,721,0.0013746521155973126,0.4793561691222648,0.6319943524909856,-0.004266084926958451,0.007015389158153076,-0.0003127080208540364,-1.0135783607864142,0.48951365163216676,342,1.0
R18,BTC_bull,long,ALL,baseline,154526,388,717,-0.002100355565857736,-0.761732106715509,0.44668385680144673,-0.007521599953488592,0.0033208888217731206,-0.00018608905441041843,-0.8082983189859441,0.41451575206601665,342,1.0
R18,BTC_bull,short,ALL,baseline,154526,388,717,0.001300355565857733,0.47159757174521183,0.6374798213531518,-0.004120888821773123,0.00672159995348859,-0.0006139109455895814,-2.666589858814116,0.504359759568998,342,1.0
R18,BTC_bull,long,H1_signal,H1,14087,387,654,0.0039531466218294615,1.2238258978117333,0.2217644067872814,-0.0023977528414679634,0.010304046085126885,0.0024953298774404776,2.0921659769664136,0.4620401219252853,342,1.0
R18,BTC_bull,short,H1_signal,H1,14087,387,654,-0.00475314662182946,-1.4714920766584692,0.1419728628930355,-0.011104046085126884,0.0015977528414679648,-0.0032953298774404775,-2.762912076191547,0.5269724250372155,342,1.0
R18,BTC_bull,long,rest,H1,140439,388,715,-0.002707563573020628,-0.970772814193871,0.3322677555244261,-0.008191210467597038,0.0027760833215557824,-0.000455053861144898,-1.725564737079459,0.4101269965959675,342,1.0
R18,BTC_bull,short,rest,H1,140439,388,715,0.0019075635730206252,0.683939936438508,0.4944224124893022,-0.0035760833215557853,0.007391210467597035,-0.00034494613885510217,-1.3080361342336728,0.5022715370515842,342,1.0
