run,universe,direction,horizon_h,bucket,bucket_type,n_obs,n_days,n_symbols,mean_ret_gross,t_stat_gross,mean_ret_net,t_stat_clustered,p_value_raw,ci_lo_net,ci_hi_net,mean_ret_neutral,t_stat_neutral,mean_ret_neutral_net,t_stat_neutral_net,hit_rate_net,sharpe_daily_ann,max_dd,reliable,boot_ci_lo_net,boot_ci_hi_net,n_tests_bonferroni,p_value_bonferroni
R11,exec,long,48,int_bear_BOS,last_event_int,89597,729,716,0.001750761693987775,0.7244261921774172,0.0018845760257031592,0.6958387939805812,0.48675247490423884,-0.0034325596343454147,0.007201711685751733,0.0006069348664839517,1.6674689261878555,0.0004936417593642618,1.0597148892525179,0.43170277117442885,-0.06194401990403641,-0.6824059249439421,True,-0.003596948212575807,0.006945236413262315,50,1.0
R11,exec,short,48,int_bear_BOS,last_event_int,89597,729,716,-0.001750761693987775,-0.7244261921774172,-0.002684576025703158,-0.9912214304952122,0.32190770969812754,-0.008001711685751731,0.0026325596343454156,-0.0006069348664839517,-1.6674689261878555,-0.0012936417593642615,-2.7770977794152545,0.4529636946016227,-0.1311096504275708,-0.6008455042983425,True,-0.007745236413262332,0.002796948212575786,50,1.0
R11,exec,long,48,int_bear_CHoCH,last_event_int,86961,730,715,-0.0027627792447541223,-1.2666245185131435,-0.003113822945392426,-1.3045679771246157,0.19245281983440257,-0.007799786642893977,0.001572140752109125,2.755052621186231e-06,0.008825699574557772,-0.00019627508812768637,-0.5020791244886811,0.4097259754148316,-0.35962577763660764,-0.7557896204587384,True,-0.007912759336066,0.0013562867892875177,50,1.0
R11,exec,short,48,int_bear_CHoCH,last_event_int,86961,730,715,0.0027627792447541223,1.2666245185131435,0.002313822945392426,0.9693997931904571,0.33266814721868576,-0.002372140752109124,0.006999786642893976,-2.755052621186231e-06,-0.008825699574557772,-0.0006037249118723138,-1.5443512372169457,0.49544058967606913,0.16789821868436078,-0.5772307592159813,True,-0.0021562867892875835,0.00711275933606593,50,1.0
R11,exec,long,48,int_bull_BOS,last_event_int,58997,730,713,-0.0037285232614681168,-1.4181158362973039,-0.0038606978752490587,-1.4102863768045426,0.15888342690467325,-0.009235113169716432,0.001513717419218315,-0.0006178187624856172,-1.2538365604756851,-0.0006449305835594693,-1.2355266490675618,0.4081594603298361,-0.26465139733695153,-0.7706243242218986,True,-0.009206370756366156,0.0014152157151427647,50,1.0
R11,exec,short,48,int_bull_BOS,last_event_int,58997,730,713,0.0037285232614681168,1.4181158362973039,0.003060697875249062,1.1180518798560224,0.26391465966431776,-0.002313717419218312,0.008435113169716436,0.0006178187624856172,1.2538365604756851,-0.00015506941644053123,-0.29707444700514035,0.5452295801623757,0.07822407246118505,-0.6237534945582281,True,-0.002215215715142741,0.008406370756366199,50,1.0
R11,exec,long,48,int_bull_CHoCH,last_event_int,86656,729,711,-0.002073456671623731,-0.8960435404086182,-0.0021936260139627855,-0.8743001687130534,0.3822439276834925,-0.007119402963008367,0.002732150935082796,-0.000257221426184228,-0.7474106859187525,-0.00032227230268064945,-0.7839930720271199,0.4037249878834037,-0.31510560357491524,-0.7548789415117878,True,-0.0071423323998461566,0.002604410564580312,50,1.0
R11,exec,short,48,int_bull_CHoCH,last_event_int,86656,729,711,0.002073456671623731,0.8960435404086182,0.0013936260139627854,0.5554490379740884,0.5787586691926501,-0.0035321509350827963,0.006319402963008367,0.000257221426184228,0.7474106859187525,-0.00047772769731935124,-1.1621700093320766,0.5087008700870087,0.12201184553688378,-0.602586330299423,True,-0.0034044105645803543,0.006342332399846123,50,1.0
R11,exec,long,48,int_none,last_event_int,1008,358,4,0.001551158167200533,1.2987755857440288,0.000600938355692598,0.5026296577112539,0.6155345844625557,-0.0017503437544534404,0.002952220465838636,0.0009616615926276683,0.26270080678404306,1.144178111973309e-05,0.003125437735044828,0.00496031746031746,0.4879656469864545,-0.14237236184932722,True,-0.001274342300707934,0.0031345869963995136,50,1.0
R11,exec,short,48,int_none,last_event_int,1008,358,4,-0.001551158167200533,-1.2987755857440288,-0.0014009383556925971,-1.171756070362294,0.24207640959248372,-0.0037522204658386356,0.0009503437544534411,-0.0009616615926276683,-0.26270080678404306,-0.0008114417811197317,-0.22165349397653544,0.9315476190476191,-0.8389472191836782,-0.3970869599759953,True,-0.0039345869963995014,0.00047434230070794443,50,1.0
R11,exec,long,48,swing_bear_BOS,last_event_swing,95863,730,700,0.0014738970928883748,0.6353745052165106,0.0016873585439117884,0.638205134758623,0.523541130571175,-0.0035032562456062117,0.006877973333429788,-0.00010677193387504072,-0.30105003153844134,-0.0002567007767047648,-0.5033643456976858,0.4225437324626827,-0.3974976442346265,-0.7505228392337973,True,-0.003411605179371714,0.007112338582498367,50,1.0
R11,exec,short,48,swing_bear_BOS,last_event_swing,95863,730,700,-0.0014738970928883748,-0.6353745052165106,-0.0024873585439117887,-0.9407870072652582,0.3471265067916341,-0.007677973333429788,0.0027032562456062114,0.00010677193387504072,0.30105003153844134,-0.0005432992232952352,-1.0653550081252667,0.447870487237527,0.20563743275928473,-0.6106629074314616,True,-0.007912338582498282,0.0026116051793718077,50,1.0
R11,exec,long,48,swing_bear_CHoCH,last_event_swing,95211,730,708,-0.002285845387281948,-1.0276875393563818,-0.002639521903131699,-1.078467395110871,0.2811829167963043,-0.007444484035855721,0.0021654402295923233,0.0001315758081432155,0.44083261178337935,-8.138693076249465e-05,-0.2166391908407591,0.39850026780931974,-0.3983411913598555,-0.799738902266039,True,-0.0074358141745260505,0.0023332677722372485,50,1.0
R11,exec,short,48,swing_bear_CHoCH,last_event_swing,95211,730,708,0.002285845387281948,1.0276875393563818,0.001839521903131699,0.7515998987415298,0.45253494311336573,-0.002965440229592324,0.006644484035855722,-0.0001315758081432155,-0.44083261178337935,-0.0007186130692375056,-1.912834805154603,0.5006353907390487,0.2035808247849781,-0.5750509528758366,True,-0.0031332677722372385,0.006635814174525996,50,1.0
R11,exec,long,48,swing_bull_BOS,last_event_swing,44626,730,669,-0.0016371778643527674,-0.5556212464184327,-0.0017324781343060803,-0.5719620920607488,0.5675244609798458,-0.007679126175217597,0.004214169906605437,-8.461194314678535e-05,-0.13215325082753243,-0.0001350673746343819,-0.20270133439374982,0.43788374490207504,-0.2629001672279141,-0.7402518768253477,True,-0.007704822237348259,0.0037717055897235584,50,1.0
R11,exec,short,48,swing_bull_BOS,last_event_swing,44626,730,669,0.0016371778643527674,0.5556212464184327,0.0009324781343060801,0.3078492789822321,0.7582851974486624,-0.005014169906605437,0.006879126175217597,8.461194314678535e-05,0.13215325082753243,-0.0006649326253656181,-0.9978925762671981,0.5270470129520907,0.08680464088200844,-0.7705656712173254,True,-0.00457170558972355,0.006904822237348274,50,1.0
R11,exec,long,48,swing_bull_CHoCH,last_event_swing,86489,730,703,-0.0038531557233551783,-1.7563949010335589,-0.004014340549943835,-1.7316871552503748,0.08375347753509284,-0.008565441781570093,0.000536760681682423,-3.234878312979344e-05,-0.0904246703793325,-5.0198522587856936e-05,-0.1269510113210564,0.40903467492975987,-0.061324173985835055,-0.6808913465595172,True,-0.008490191905558896,0.0004972716048607897,50,1.0
R11,exec,short,48,swing_bull_CHoCH,last_event_swing,86489,730,703,0.0038531557233551783,1.7563949010335589,0.0032143405499438344,1.3865869558615402,0.16599278532540146,-0.0013367606816824238,0.007765441781570093,3.234878312979344e-05,0.0904246703793325,-0.0007498014774121437,-1.896232218406363,0.5293621154135207,-0.13058281897058147,-0.6507756542910643,True,-0.0012972716048607097,0.007690191905559,50,1.0
R11,exec,long,48,swing_none,last_event_swing,1030,366,5,0.0011505647742260944,0.85378965439162,0.00020759513344939808,0.15388288342763853,0.877787125224469,-0.002445283621600648,0.002860473888499444,0.0010980261338430358,0.3040533303175954,0.00015505649306633967,0.0429311976464692,0.013592233009708738,0.08056853101557723,-0.28469497269182387,True,-0.0021976587645305646,0.0029764878804523997,50,1.0
R11,exec,short,48,swing_none,last_event_swing,1030,366,5,-0.0011505647742260944,-0.85378965439162,-0.001007595133449398,-0.7468944087778622,0.45560813971054953,-0.003660473888499444,0.0016452836216006483,-0.0010980261338430358,-0.3040533303175954,-0.0009550564930663391,-0.2644308423113406,0.9242718446601942,-0.3834909218937717,-0.460338584074361,True,-0.003776487880452395,0.0013976587645305647,50,1.0
R11,full,long,48,int_bear_BOS,last_event_int,95345,729,745,0.0015701987608488619,0.6496573216670496,0.0016526836151390643,0.6123144021043061,0.5405214882717434,-0.003646243713749172,0.0069516109440273,0.0005104540995909927,1.4651590606677953,0.0003600760321835099,0.8178277145405112,0.43413145392190794,-0.08933360898248863,-0.6912934174900225,True,-0.003801807323746775,0.006699092201445603,50,1.0
R11,full,short,48,int_bear_BOS,last_event_int,95345,729,745,-0.0015701987608488619,-0.6496573216670496,-0.0024526836151390636,-0.9087120411903729,0.3638036985825162,-0.0077516109440273,0.0028462437137491726,-0.0005104540995909927,-1.4651590606677953,-0.0011600760321835103,-2.634838882056848,0.45312483612832855,-0.10577025945063304,-0.6094695948186555,True,-0.007499092201445639,0.003001807323746737,50,1.0
R11,full,long,48,int_bear_CHoCH,last_event_int,93548,730,745,-0.0029302011736708307,-1.3557955439198874,-0.003283762267099389,-1.3908881765026502,0.1646848883761807,-0.00791877799145632,0.0013512534572575423,-5.8864684658288875e-05,-0.19690062959881294,-0.000247460199950692,-0.6769105739205141,0.40994120791020844,-0.34863413720920206,-0.7382489853173295,True,-0.00801393609363605,0.0011337136213929748,50,1.0
R11,full,short,48,int_bear_CHoCH,last_event_int,93548,730,745,0.0029302011736708307,1.3557955439198874,0.002483762267099388,1.0520358325462773,0.2931326581749817,-0.002151253457257543,0.0071187779914563196,5.8864684658288875e-05,0.19690062959881294,-0.0005525398000493081,-1.5114351044726755,0.4965366114377338,0.15394766169235508,-0.5631915402490868,True,-0.0019337136213929905,0.0072139360936360605,50,1.0
R11,full,long,48,int_bull_BOS,last_event_int,63987,730,745,-0.0035820981000163755,-1.3647912043171295,-0.003627962845572279,-1.3307732239765233,0.1836808626506566,-0.008980140194808842,0.0017242145036642838,-0.0004761308743985793,-1.0092846800292603,-0.0004218219028089194,-0.8491484663251001,0.4107921426450595,-0.07413448133810384,-0.7091574026983511,True,-0.00911199472957285,0.0018023606119291471,50,1.0
R11,full,short,48,int_bull_BOS,last_event_int,63987,730,745,0.0035820981000163755,1.3647912043171295,0.0028279628455722826,1.0373251859183277,0.29992922476367245,-0.0025242145036642803,0.008180140194808845,0.0004761308743985793,1.0092846800292603,-0.0003781780971910809,-0.7612913153374564,0.5447641074526105,-0.1177173617213117,-0.6442478431085815,True,-0.002602360611929137,0.008311994729572874,50,1.0
R11,full,long,48,int_bull_CHoCH,last_event_int,92683,730,745,-0.0019833629427262424,-0.8531133492951605,-0.002079154814647166,-0.8290763187893976,0.4073333429760496,-0.007002542520495054,0.0028442328912007217,-0.00014735765993677103,-0.4356231251073707,-0.00018280210181729722,-0.45990125337024795,0.40763877650105196,-0.2739674288355461,-0.7436190262244946,True,-0.007038384919903881,0.0026972840161561193,50,1.0
R11,full,short,48,int_bull_CHoCH,last_event_int,92683,730,745,0.0019833629427262424,0.8531133492951605,0.0012791548146471655,0.510071187300873,0.6101564065692976,-0.003644232891200721,0.006202542520495052,0.00014735765993677103,0.4356231251073707,-0.000617197898182703,-1.5527725563867076,0.5091870313427199,0.07943004536296074,-0.5975803731004428,True,-0.003497284016156135,0.006238384919903883,50,1.0
R11,full,long,48,int_none,last_event_int,1281,358,4,0.00026131371282221385,0.23455795598308493,-0.0006995149913151794,-0.6273387679690805,0.5308382148682671,-0.0028924099311507176,0.001493379948520359,-0.00016180624970486634,-0.04411897138330166,-0.001122634953842259,-0.3060940914517772,0.0039032006245121,0.105800453955471,-0.26802709638150624,True,-0.002652290343498419,0.001571196386246606,50,1.0
R11,full,short,48,int_none,last_event_int,1281,358,4,-0.00026131371282221385,-0.23455795598308493,-0.00010048500868481892,-0.09011692720005432,0.9282448355169223,-0.002293379948520357,0.0020924099311507194,0.00016180624970486634,0.04411897138330166,0.00032263495384226144,0.08796862482228514,0.9461358313817331,-0.43888192516285923,-0.3970869599759952,True,-0.0023711963862465984,0.001852290343498417,50,1.0
R11,full,long,48,swing_bear_BOS,last_event_swing,100932,730,722,0.0014757830302032746,0.6390509329303768,0.0016584275850566074,0.6315447356861572,0.5278829291891926,-0.0034969931328229305,0.006813848302936146,-0.00015791617189046957,-0.4610779769607887,-0.00033728946132068765,-0.688885384149299,0.423823016564952,-0.41944904049433757,-0.7521559992299698,True,-0.003450901510035174,0.007012718726694314,50,1.0
R11,full,short,48,swing_bear_BOS,last_event_swing,100932,730,722,-0.0014757830302032746,-0.6390509329303768,-0.0024584275850566056,-0.9361922180974435,0.3494851046687973,-0.0076138483029361435,0.0026969931328229323,0.00015791617189046957,0.4610779769607887,-0.00046271053867931195,-0.9450473962035887,0.4484524847428073,0.22503936905470837,-0.5969619611179995,True,-0.007812718726694276,0.0026509015100351953,50,1.0
R11,full,long,48,swing_bear_CHoCH,last_event_swing,102121,730,739,-0.0022689646713711254,-1.0230560813181677,-0.002635524984918628,-1.0833266020951038,0.27902263853667003,-0.007411691383334727,0.0021406414134974706,0.00013107796655038246,0.4575160451661419,-9.865877440565586e-05,-0.27929532795133655,0.4019407208671556,-0.3675479447166497,-0.7938059055088371,True,-0.007431986843554638,0.0023366649193006647,50,1.0
R11,full,short,48,swing_bear_CHoCH,last_event_swing,102121,730,739,0.0022689646713711254,1.0230560813181677,0.001835524984918629,0.7544884060486183,0.4508003247886483,-0.0029406414134974697,0.006611691383334728,-0.00013107796655038246,-0.4575160451661419,-0.0007013412255943441,-1.9854425395835371,0.4994859341799916,0.1710579414245336,-0.5868972149658667,True,-0.003136664919300617,0.006631986843554638,50,1.0
R11,full,long,48,swing_bull_BOS,last_event_swing,49316,730,699,-0.0017782937907503001,-0.601207566977655,-0.001775830663328415,-0.5856299724512445,0.5583059457303339,-0.007729023821206564,0.004177362494549735,7.692030463900075e-05,0.12882377067221912,0.00013087141614234607,0.21117409879224827,0.44160347134920314,-0.12457218472185164,-0.7136674735780737,True,-0.007644205798304609,0.003778409122453615,50,1.0
R11,full,short,48,swing_bull_BOS,last_event_swing,49316,730,699,0.0017782937907503001,0.601207566977655,0.0009758306633284141,0.3218075328257875,0.7476910130641806,-0.004977362494549735,0.006929023821206564,-7.692030463900075e-05,-0.12882377067221912,-0.0009308714161423458,-1.502053986957032,0.5249199075388297,-0.05423978043451758,-0.7719767086300652,True,-0.004578409122453588,0.006844205798304638,50,1.0
R11,full,long,48,swing_bull_CHoCH,last_event_swing,93172,730,737,-0.003934696760695566,-1.8020256724631158,-0.004047345807427873,-1.7594758459514566,0.0789172992970489,-0.008563395604374469,0.00046870398951872304,-2.5363793713576666e-05,-0.07435600077240896,5.810154334566933e-06,0.01545385648267103,0.4099622204095651,-0.041871921536510946,-0.6664592301599289,True,-0.008470472348981713,0.0004857265107034383,50,1.0
R11,full,short,48,swing_bull_CHoCH,last_event_swing,93172,730,737,0.003934696760695566,1.8020256724631158,0.0032473458074278724,1.4116971426397924,0.15846699941803374,-0.0012687039895187234,0.007763395604374468,2.5363793713576666e-05,0.07435600077240896,-0.0008058101543345673,-2.143294955742959,0.5316296741510325,-0.1536916725862292,-0.6653410309444534,True,-0.0012857265107033627,0.007670472348981811,50,1.0
R11,full,long,48,swing_none,last_event_swing,1303,366,5,-3.357087410591218e-05,-0.027599978371560634,-0.0009884893161627043,-0.8119187526008842,0.41736743148370065,-0.003382631596643474,0.0014056529643180651,-3.504357128341958e-05,-0.009670637668241007,-0.0009899620133402111,-0.2731685278648362,0.010744435917114352,-0.22838257671454984,-0.28469497269182376,True,-0.00331716905064863,0.0014897457016333161,50,1.0
R11,full,short,48,swing_none,last_event_swing,1303,366,5,3.357087410591218e-05,0.027599978371560634,0.0001884893161627053,0.15482009562987273,0.8770487227976033,-0.002205652964318064,0.002582631596643475,3.504357128341958e-05,0.009670637668241007,0.0001899620133402134,0.05241781284041386,0.9401381427475057,-0.06320795170444266,-0.4603385840743611,True,-0.002289745701633309,0.002517169050648634,50,1.0
