run,universe,direction,horizon_h,bucket,bucket_type,n_obs,n_days,n_symbols,mean_ret_gross,se_gross,t_stat_gross,median_ret_gross,mean_ret_net,se_net,t_stat_clustered,p_value_raw,ci_lo_net,ci_hi_net,median_ret_net,mean_ret_neutral,t_stat_neutral,ci_lo_neutral,ci_hi_neutral,mean_ret_neutral_net,t_stat_neutral_net,hit_rate_gross,hit_rate_net,mean_ret_net_dayeq,sharpe_daily_ann,max_dd,mean_net_slip5bp,mean_net_slip10bp,mean_net_slip20bp,funding_cov,mean_stop_pct_1atr,mean_funding_paid,reliable,boot_ci_lo_net,boot_ci_hi_net,n_tests_bonferroni,p_value_bonferroni,n_tests_family,p_value_bonferroni_family
R3,exec,long,24,Q1,quintile,60443,730,697,-0.000598605873251365,0.0014588690306284186,-0.410321873097485,-0.0011926058437685683,-0.002650557241644896,0.0014772885148093059,-1.7942041890084282,0.07319540687648413,-0.005550811316251984,0.0002496968329621925,-0.00392022052482147,0.00013114140196755582,0.40871905975377654,-0.0004987775338104914,0.000761060337745603,-0.0018997082646814902,-5.719263565300033,0.46843359142346636,0.4487624909006684,-0.00260691189430109,-1.171859437588835,-0.9378888854930869,-0.002150557241644898,-0.002650557241644899,-0.0036505572416448986,0.9861193832307591,0.10129982065143718,5.122347907054445e-05,True,,,194,1.0,10,0.7319540687648413
R3,exec,long,24,Q2,quintile,60719,730,698,-0.0006992716066137861,0.0014210735404506737,-0.49207277928207843,-0.0013812154696133394,-0.0027364832611762,0.0014408958657335588,-1.8991540792457329,0.05793927484403285,-0.00556529027063007,9.232374827766992e-05,-0.004145922040458881,7.829309785289496e-06,0.031766158358303466,-0.0004760404854597683,0.0004916991050303473,-0.001993212276761212,-7.570789352283811,0.4666919187760412,0.44707761729879286,-0.0025983615981547735,-1.1988566914116763,-0.9457267428787719,-0.002236483261176203,-0.0027364832611762027,-0.0037364832611762027,0.9852769223168262,0.09917091065208702,1.7108281377970314e-05,True,,,194,1.0,10,0.5793927484403285
R3,exec,long,24,Q3,quintile,60748,730,700,-4.7423831065882856e-05,0.0013990768175274515,-0.033896516954439744,-0.001035250607383742,-0.002033675236307442,0.0014274905439410832,-1.4246505834587004,0.15468675848703892,-0.004836164543592576,0.0007688140709776916,-0.004123000761219379,0.0006938141854228501,2.6989039862706985,0.00018912328745839435,0.0011985050833873058,-0.001295827223251737,-4.8874630755458295,0.46288827799634563,0.4422130405438773,-0.001919131089186755,-0.8951648564743927,-0.9203255315826635,-0.0015336752363074445,-0.0020336752363074445,-0.003033675236307444,0.9783370919685921,0.10033639921264065,-5.553432167314739e-05,True,,,194,1.0,10,1.0
R3,exec,long,24,Q4,quintile,60721,730,705,-0.0010302994381153965,0.0013303693096582859,-0.7744461862097795,0.0,-0.00296919912634329,0.0014365048312631784,-2.066960765967177,0.03909082536358638,-0.005789385534278367,-0.00014901271840821314,-0.005031359886012233,-0.00032328242685278016,-1.3773587734131574,-0.0007840742354189244,0.00013750938171336417,-0.002236150798747844,-8.49393096232262,0.4260799393949375,0.4085571713245829,-0.002728922627461862,-1.290574325680715,-0.9557689523271123,-0.0024691991263432913,-0.0029691991263432922,-0.003969199126343292,0.9249847663905404,0.09630956969125899,-0.00015394582345191346,True,,,194,1.0,10,0.3909082536358638
R3,exec,long,24,Q5,quintile,61020,730,717,-0.001498870852435842,0.0014098345096633452,-1.0631537546869652,-0.0034368221669320853,-0.002665452568435175,0.0014707843568444038,-1.8122660579243273,0.0703569454443143,-0.005552937498457104,0.00022203236158675407,-0.007771515931766946,-0.0007793046596205977,-1.8298077975841842,-0.0016154302799015505,5.682096066035494e-05,-0.0019643402247526503,-4.411138456722304,0.4201901016060308,0.4054900032776139,-0.002555376720361219,-1.1824819196543854,-0.9346781955610955,-0.0021654525684351765,-0.0026654525684351765,-0.0036654525684351766,0.9580301540478532,0.0983720128031042,-0.0008798986850613279,True,,,194,1.0,10,0.703569454443143
R3,exec,long,48,Q1,quintile,60441,730,697,-0.0011713551131072066,0.0020634787599658117,-0.5676603684191127,-0.002593360995850613,-0.003218656562068398,0.002093573203941534,-1.5373986235631454,0.12463081580512084,-0.007328827366629288,0.0008915142424924917,-0.005638784132331208,0.00030210634301922274,0.6427298884429035,-0.0006206798329820737,0.0012248925190205193,-0.0016658157357964038,-3.428460837303339,0.4622460459268083,0.4453378333664218,-0.003152353724680273,-0.7055043063781323,-0.8588076137686624,-0.002718656562068399,-0.0032186565620684004,-0.004218656562068399,0.9840348090794785,0.10129982065143718,2.506910270851223e-05,True,-0.007346183559215207,0.0008281797782556114,194,1.0,10,1.0
R3,exec,long,48,Q2,quintile,60719,730,698,-0.0011201115972612418,0.002033346882478492,-0.5508708852942558,-0.0024273577496964904,-0.0030946647033717723,0.002065036345847588,-1.4986005982870854,0.13441135195325507,-0.007148811022726791,0.0009594816159832456,-0.00559722621898696,0.0003161043817420722,0.8291284792101115,-0.00043237254233510227,0.0010645813058192467,-0.001568141555295059,-3.858753727704495,0.4649626982427826,0.44783518058002997,-0.0028411342166641284,-0.6460903387869743,-0.8601103879196892,-0.0025946647033717745,-0.0030946647033717758,-0.004094664703371776,0.9830371700070816,0.09917091065208702,-5.829329161850752e-05,True,-0.007155063912734773,0.0010824712500845132,194,1.0,10,1.0
R3,exec,long,48,Q3,quintile,60746,730,700,-0.0009390962855661463,0.0019892704856538297,-0.4720807413263792,-0.0025982692658501616,-0.0029138923007039643,0.0020291403374929824,-1.436023052158186,0.1514259180356995,-0.006897566412418187,0.0010697818110102582,-0.0061308003122639175,0.0005382357815881499,1.4631895738465936,-0.00018393797159978978,0.0012604095347760894,-0.0013965175637305112,-3.6957894703871994,0.4549210686595664,0.43872327116495746,-0.0025912979611816054,-0.595407175381413,-0.8557326913779439,-0.002413892300703967,-0.002913892300703968,-0.003913892300703968,0.9761971390475563,0.10033639921264065,-0.00019666796957995938,True,-0.0070642111509669194,0.0012057061284289315,194,1.0,10,1.0
R3,exec,long,48,Q4,quintile,60721,730,705,-0.0018469875362422128,0.0018885252861973098,-0.9780051925919739,0.0,-0.003687334511323276,0.0020438647353580677,-1.804099091066947,0.07162955969859443,-0.007699916038410351,0.000325247015763799,-0.007127327910812414,-0.0004123021970735216,-1.1263010461526288,-0.0011309744766667437,0.00030637008251970064,-0.0022020832297264975,-5.38511566676845,0.42211096655193425,0.40829367105284825,-0.0031457000967690858,-0.729990624174349,-0.8920057333090465,-0.003187334511323276,-0.003687334511323277,-0.004687334511323278,0.9232720146242651,0.09630956969125899,-0.00035524622863972643,True,-0.007762993352048783,0.00040319705076935025,194,1.0,10,0.7162955969859442
R3,exec,long,48,Q5,quintile,61020,730,717,-0.002861286485429226,0.0019772651847967814,-1.4470929379780195,-0.005951151972303836,-0.0034347926129560816,0.0020689032735314128,-1.6601997091402108,0.0973055036357218,-0.007496530610137068,0.0006269453842249048,-0.01103225806451613,-0.0014075494813262693,-2.3073433557156227,-0.0026051753730396204,-0.00020992358961291827,-0.0019831481005411038,-3.0960628866063984,0.41415929203539825,0.40262209111766634,-0.0031324467063833777,-0.7212861766873809,-0.8399291174077603,-0.0029347926129560816,-0.0034347926129560833,-0.0044347926129560825,0.9552441822353327,0.0983720128031042,-0.0014666370080118091,True,-0.0075846644401404125,0.00040528147880758447,194,1.0,10,0.9730550363572179
R3,exec,long,72,Q1,quintile,60440,730,697,-0.0018128344894675836,0.0024745025690898737,-0.732605620261832,-0.00511436293885148,-0.0038130592653750402,0.0025140447535590645,-1.5167030181053842,0.1297769657008414,-0.0087487247879995,0.0011226062572494196,-0.008375368932831194,0.00043501636653368896,0.7413037024735262,-0.0007170544076301373,0.001587087140697515,-0.0014970564609650126,-2.45785164172505,0.45283237376745417,0.4370160810005956,-0.003599691455284641,-0.5405250509800497,-0.812553040915907,-0.003313059265375039,-0.0038130592653750394,-0.00481305926537504,0.9819667791674939,0.10129982065143718,-4.003223742293012e-05,True,,,194,1.0,10,1.0
R3,exec,long,72,Q2,quintile,60718,730,698,-0.0017116168944197728,0.002430124650006364,-0.7043329626796265,-0.005616934201333579,-0.003572173875857487,0.0024724545302860306,-1.4447885015075417,0.14894875321321768,-0.008426187935914955,0.001281840184199982,-0.009006011170402431,0.0005185763895127996,1.088508137630666,-0.0004167233032571809,0.0014538760822827802,-0.0012172552626983578,-2.4148227392362007,0.4505525271322936,0.4359776683519705,-0.003064118572195655,-0.46957610688476825,-0.818505025747643,-0.003072173875857487,-0.0035721738758574878,-0.004572173875857488,0.9809126990662209,0.09917091065208702,-0.00017006833299755696,True,,,194,1.0,10,1.0
R3,exec,long,72,Q3,quintile,60744,730,700,-0.001539153196390511,0.002380423643240002,-0.6465879301616937,-0.005403907855771051,-0.0033501244896870473,0.0024332638715592915,-1.3768027910348295,0.1689976344518995,-0.008127198000928641,0.0014269490215545457,-0.009306729968557624,0.0007209385550962239,1.46847519673603,-0.0002428935055416333,0.0016847706157340813,-0.0010590986464837225,-2.070245453846744,0.4437933134701806,0.4291099441966123,-0.0028008403373098356,-0.42984989012807395,-0.816830081225001,-0.002850124489687046,-0.0033501244896870473,-0.0043501244896870465,0.9739748802449423,0.10033639921264065,-0.00037467256997026266,True,,,194,1.0,10,1.0
R3,exec,long,72,Q4,quintile,60721,730,705,-0.0025089773512834024,0.0022694354799548356,-1.1055513027113395,-0.0008833922261484162,-0.00417717744163596,0.002460573931777305,-1.6976435406753783,0.09000361160418426,-0.00900786707186192,0.0006535121885899997,-0.010109292680868296,-0.00027887855995121916,-0.6261312110139695,-0.0011532974005989028,0.0005955402806964644,-0.001926705557928802,-3.8794514687437656,0.41175211211936563,0.39958169331862126,-0.003416639492253854,-0.5328087373773266,-0.8438217601116627,-0.0036771774416359594,-0.00417717744163596,-0.00517717744163596,0.9215922003919567,0.09630956969125899,-0.0005667691622587656,True,,,194,1.0,10,0.9000361160418425
R3,exec,long,72,Q5,quintile,61020,730,717,-0.004653154276535017,0.0023309291188904685,-1.9962658833443794,-0.009637414510417719,-0.004750951052718634,0.0024471577682339766,-1.9414159211104807,0.052594441473145126,-0.009555301575117275,5.339946968000754e-05,-0.015452698475836316,-0.0024290350035365603,-3.5219239331187344,-0.0037830501844208567,-0.001075019822652264,-0.0024475003335941935,-3.3676946406087995,0.40419534578826616,0.3933956079973779,-0.0041621599750595265,-0.6532836572531553,-0.8186086360508127,-0.004250951052718632,-0.004750951052718633,-0.005750951052718633,0.9523926581448705,0.0983720128031042,-0.0019360669763400244,True,,,194,1.0,10,0.5259444147314513
R3,exec,short,24,Q1,quintile,60443,730,697,0.000598605873251365,0.0014588690306284186,0.410321873097485,0.0011926058437685683,-0.001349442758355104,0.0014772885148093059,-0.9134591820266709,0.36130350778329445,-0.004249696832962192,0.0015508113162519845,-7.977947517853051e-05,-0.00013114140196755582,-0.40871905975377654,-0.000761060337745603,0.0004987775338104914,-0.0021002917353185107,-6.3231403587760475,0.510770299781616,0.49229038448812124,-0.0013930881056989125,-0.6262211805565049,-0.8664255062557935,-0.0008494427583551033,-0.0013494427583551042,-0.002349442758355104,0.9861193832307591,0.10129982065143718,5.122347907054445e-05,True,,,194,1.0,10,1.0
R3,exec,short,24,Q2,quintile,60719,730,698,0.0006992716066137861,0.0014210735404506737,0.49207277928207843,0.0013812154696133394,-0.0012635167388237987,0.0014408958657335588,-0.8768966369270158,0.3808320521022823,-0.004092323748277669,0.0015652902706300713,0.00014592204045888076,-7.829309785289496e-06,-0.031766158358303466,-0.0004916991050303473,0.0004760404854597683,-0.0020067877232387878,-7.622352774224967,0.5126727161937386,0.49417829087136245,-0.0014016384018452287,-0.6467012051690691,-0.860157875272875,-0.0007635167388237987,-0.0012635167388237994,-0.0022635167388237996,0.9852769223168262,0.09917091065208702,1.7108281377970314e-05,True,,,194,1.0,10,1.0
R3,exec,short,24,Q3,quintile,60748,730,700,4.7423831065882856e-05,0.0013990768175274515,0.033896516954439744,0.001035250607383742,-0.0019663247636925573,0.0014274905439410834,-1.3774695545539901,0.16879044733557272,-0.004768814070977691,0.0008361645435925767,0.00012300076121937904,-0.0006938141854228501,-2.6989039862706985,-0.0011985050833873058,-0.00018912328745839435,-0.002704172776748263,-10.199310802475575,0.5083705081565129,0.49036198126718133,-0.002080868910813248,-0.970606296977612,-0.913585833087349,-0.0014663247636925573,-0.0019663247636925577,-0.0029663247636925573,0.9783370919685921,0.10033639921264065,-5.553432167314739e-05,True,,,194,1.0,10,1.0
R3,exec,short,24,Q4,quintile,60721,730,705,0.0010302994381153965,0.0013303693096582859,0.7744461862097795,0.0,-0.0010308008736567102,0.0014365048312631784,-0.7175756399999603,0.47324916715768156,-0.0038509872815917874,0.0017893855342783667,0.0010313598860122331,0.00032328242685278016,1.3773587734131574,-0.00013750938171336417,0.0007840742354189244,-0.0017638492012521574,-6.699911898505708,0.4884636287281171,0.4715502050361489,-0.0012710773725381408,-0.6011236106306029,-0.8479577736402186,-0.0005308008736567098,-0.0010308008736567102,-0.0020308008736567105,0.9249847663905404,0.09630956969125899,-0.00015394582345191346,True,,,194,1.0,10,1.0
R3,exec,short,24,Q5,quintile,61020,730,717,0.001498870852435842,0.0014098345096633452,1.0631537546869652,0.0034368221669320853,-0.0013345474315648242,0.0014707843568444038,-0.9073712440266373,0.36451075589571685,-0.004222032361586753,0.0015529374984571047,0.003771515931766946,0.0007793046596205977,1.8298077975841842,-5.682096066035494e-05,0.0016154302799015505,-0.0020356597752473516,-4.571294221970628,0.5270403146509341,0.5078990494919698,-0.0014446232796387836,-0.6684888749566492,-0.893543658532701,-0.0008345474315648243,-0.0013345474315648255,-0.0023345474315648257,0.9580301540478532,0.0983720128031042,-0.0008798986850613279,True,,,194,1.0,10,1.0
R3,exec,short,48,Q1,quintile,60441,730,697,0.0011713551131072066,0.0020634787599658117,0.5676603684191127,0.002593360995850613,-0.0007813434379316024,0.002093573203941534,-0.37321046928790486,0.7091005983433583,-0.004891514242492493,0.0033288273666292876,0.0016387841323312075,-0.00030210634301922274,-0.6427298884429035,-0.0012248925190205193,0.0006206798329820737,-0.002334184264203598,-4.804048349948971,0.5185130037720865,0.5040037059096023,-0.0008476462753197299,-0.18970526462226486,-0.6363813217705754,-0.00028134343793160204,-0.0007813434379316024,-0.0017813434379316026,0.9840348090794785,0.10129982065143718,2.506910270851223e-05,True,-0.004828179778255606,0.0033461835592152123,194,1.0,10,1.0
R3,exec,short,48,Q2,quintile,60719,730,698,0.0011201115972612418,0.002033346882478492,0.5508708852942558,0.0024273577496964904,-0.000905335296628227,0.002065036345847588,-0.43841131341280815,0.6612183895502974,-0.004959481615983245,0.003148811022726791,0.00159722621898696,-0.0003161043817420722,-0.8291284792101115,-0.0010645813058192467,0.00043237254233510227,-0.0024318584447049424,-5.984117190867495,0.5158347194545544,0.5018362675186508,-0.001158865783335875,-0.2635327758092398,-0.6917943071720158,-0.0004053352966282267,-0.0009053352966282269,-0.0019053352966282267,0.9830371700070816,0.09917091065208702,-5.829329161850752e-05,True,-0.0050824712500844825,0.003155063912734836,194,1.0,10,1.0
R3,exec,short,48,Q3,quintile,60746,730,700,0.0009390962855661463,0.0019892704856538297,0.4720807413263792,0.0025982692658501616,-0.0010861076992960332,0.0020291403374929824,-0.5352550926260364,0.5926371593991644,-0.005069781811010256,0.0028975664124181893,0.0021308003122639174,-0.0005382357815881499,-1.4631895738465936,-0.0012604095347760894,0.00018393797159978978,-0.00260348243626949,-6.889940537947689,0.5175558445406508,0.5030206258539235,-0.001408702038818397,-0.32367999143735565,-0.7177074215475878,-0.000586107699296034,-0.0010861076992960345,-0.0020861076992960345,0.9761971390475563,0.10033639921264065,-0.00019666796957995938,True,-0.005205706128428983,0.0030642111509669315,194,1.0,10,1.0
R3,exec,short,48,Q4,quintile,60721,730,705,0.0018469875362422128,0.0018885252861973098,0.9780051925919739,0.0,-0.0003126654886767252,0.0020438647353580677,-0.15297758372544593,0.8784584012674945,-0.0043252470157638,0.0036999160384103497,0.003127327910812414,0.0004123021970735216,1.1263010461526288,-0.00030637008251970064,0.0011309744766667437,-0.0017979167702735041,-4.396741066116788,0.4936677590948766,0.4801963077024423,-0.0008542999032309175,-0.19824868881561467,-0.7420532076887941,0.0001873345113232746,-0.0003126654886767257,-0.0013126654886767254,0.9232720146242651,0.09630956969125899,-0.00035524622863972643,True,-0.004403197050769388,0.0037629933520487804,194,1.0,10,1.0
R3,exec,short,48,Q5,quintile,61020,730,717,0.002861286485429226,0.0019772651847967814,1.4470929379780195,0.005951151972303836,-0.0005652073870439189,0.0020689032735314128,-0.27319178923196635,0.7847833781031383,-0.004626945384224906,0.0034965306101370675,0.00703225806451613,0.0014075494813262693,2.3073433557156227,0.00020992358961291827,0.0026051753730396204,-0.002016851899458897,-3.148680782838431,0.5342838413634874,0.5168960996394625,-0.0008675532936166253,-0.19976531346889417,-0.7372060568233247,-6.520738704391959e-05,-0.0005652073870439192,-0.0015652073870439194,0.9552441822353327,0.0983720128031042,-0.0014666370080118091,True,-0.004405281478807624,0.0035846644401404063,194,1.0,10,1.0
R3,exec,short,72,Q1,quintile,60440,730,697,0.0018128344894675836,0.0024745025690898737,0.732605620261832,0.00511436293885148,-0.00018694073462496117,0.0025140447535590645,-0.07435855481900801,0.9407455689137812,-0.0051226062572494215,0.004748724787999498,0.0043753689328311935,-0.00043501636653368896,-0.7413037024735262,-0.001587087140697515,0.0007170544076301373,-0.002502943539034989,-4.109306527154442,0.5285222685460923,0.5162795314671431,-0.0004003085447153624,-0.06010981752960021,-0.6129000439346155,0.00031305926537503794,-0.0001869407346249632,-0.0011869407346249631,0.9819667791674939,0.10129982065143718,-4.003223742293012e-05,True,,,194,1.0,10,1.0
R3,exec,short,72,Q2,quintile,60718,730,698,0.0017116168944197728,0.002430124650006364,0.7043329626796265,0.005616934201333579,-0.00042782612414251237,0.0024724545302860306,-0.1730370038768796,0.8626705713810588,-0.005281840184199981,0.0044261879359149565,0.005006011170402431,-0.0005185763895127996,-1.088508137630666,-0.0014538760822827802,0.0004167233032571809,-0.002782744737301644,-5.520481590878189,0.530146077963143,0.517959190395415,-0.0009358814278043483,-0.14342380917041822,-0.6764229738622676,7.217387585748592e-05,-0.0004278261241425149,-0.0014278261241425156,0.9809126990662209,0.09917091065208702,-0.00017006833299755696,True,,,194,1.0,10,1.0
R3,exec,short,72,Q3,quintile,60744,730,700,0.001539153196390511,0.002380423643240002,0.6465879301616937,0.005403907855771051,-0.0006498755103129541,0.0024332638715592915,-0.2670797515669761,0.7894836046531037,-0.005426949021554547,0.0041271980009286394,0.005306729968557624,-0.0007209385550962239,-1.46847519673603,-0.0016847706157340813,0.0002428935055416333,-0.0029409013535162797,-5.748650210764279,0.5293091244300318,0.515810959851191,-0.0011991596626901681,-0.1840371414203771,-0.7108345329403807,-0.00014987551031295503,-0.0006498755103129557,-0.001649875510312957,0.9739748802449423,0.10033639921264065,-0.00037467256997026266,True,,,194,1.0,10,1.0
R3,exec,short,72,Q4,quintile,60721,730,705,0.0025089773512834024,0.0022694354799548356,1.1055513027113395,0.0008833922261484162,0.0001771774416359607,0.002460573931777305,0.07200655072696113,0.9426165263793644,-0.004653512188589999,0.005007867071861921,0.006109292680868296,0.00027887855995121916,0.6261312110139695,-0.0005955402806964644,0.0011532974005989028,-0.0020732944420711994,-4.17461045634697,0.5041748324302959,0.4921526325324023,-0.0005833605077461481,-0.09097230664010823,-0.717547715559935,0.0006771774416359587,0.00017717744163595747,-0.0008228225583640425,0.9215922003919567,0.09630956969125899,-0.0005667691622587656,True,,,194,1.0,10,1.0
R3,exec,short,72,Q5,quintile,61020,730,717,0.004653154276535017,0.0023309291188904685,1.9962658833443794,0.009637414510417719,0.0007509510527186332,0.0024471577682339766,0.3068666280803656,0.7590328842401759,-0.0040533994696800085,0.0055553015751172745,0.011452698475836314,0.0024290350035365603,3.5219239331187344,0.001075019822652264,0.0037830501844208567,-0.0015524996664058072,-2.1361977910024956,0.544821370042609,0.5279088823336611,0.00016215997505952283,0.025452280114593728,-0.6427765837201427,0.0012509510527186313,0.0007509510527186305,-0.00024904894728136975,0.9523926581448705,0.0983720128031042,-0.0019360669763400244,True,,,194,1.0,10,1.0
R3,full,long,24,Q1,quintile,65088,730,731,-0.0006345216835387878,0.0014446884863054013,-0.4392100370104649,-0.0011472530379149082,-0.0026847543163544246,0.0014622646364768135,-1.8360249228368695,0.06676162654354179,-0.005555513093385306,0.00018600446067645751,-0.0037908532384257586,0.00011805803220003455,0.3845907335783089,-0.000484593765228184,0.0007207098296282531,-0.0019063810956004448,-6.015146475473065,0.4693573414862726,0.44878550907219344,-0.0025771459776545037,-1.1719780004007758,-0.9367984824831163,-0.002184754316354427,-0.0026847543163544276,-0.0036847543163544268,0.9866797769208315,0.1004729188916593,4.866837361028604e-05,True,,,194,1.0,10,0.6676162654354179
R3,full,long,24,Q2,quintile,65340,730,740,-0.0007730567959310636,0.0014099994898326064,-0.5482674295313682,-0.0013550135501355642,-0.0028127285997521134,0.00142933021613693,-1.9678647858953917,0.04946276575152821,-0.005618829602876251,-6.627596627975692e-06,-0.004094094922149611,-1.5879021334298296e-05,-0.06831842520014667,-0.00047218443089210065,0.000440426388223504,-0.0020202588689138172,-8.123993379910493,0.4669890728780876,0.44664993419240306,-0.0026445741339983157,-1.2309151577962858,-0.9448715229557524,-0.002312728599752116,-0.0028127285997521165,-0.003812728599752116,0.9853998959321723,0.0984176987698925,2.0618446760263222e-05,True,,,194,1.0,10,0.49462765751528204
R3,full,long,24,Q3,quintile,65324,730,740,-0.00012582375875350968,0.001391075504949663,-0.09045070400981772,-0.0009465007584973373,-0.0021066017202760884,0.0014206543827710986,-1.4828389971718492,0.13854994660118114,-0.004895670085010621,0.0006824666444584441,-0.00407475350205627,0.0006235151401498698,2.594149996251264,0.00015164591740955599,0.0010953843628901836,-0.0013629913246778072,-5.450293865661015,0.4625794106391121,0.44154611557596635,-0.0019539191000444646,-0.9186792536179428,-0.9228844490870686,-0.001606601720276091,-0.0021066017202760914,-0.0031066017202760914,0.9774052812858783,0.09910852000212021,-5.8722074425600656e-05,True,,,194,1.0,10,1.0
R3,full,long,24,Q4,quintile,65341,730,742,-0.0011187913403410243,0.0013154750256545611,-0.8504846679125133,0.0,-0.0030624495990792763,0.0014176957798896462,-2.160159917607752,0.031085987354474057,-0.005845709551999828,-0.0002791896461587246,-0.004881121885245922,-0.0003620106517834787,-1.632490162730429,-0.0007973626163447063,7.334131277774889e-05,-0.0023037926031666016,-9.482220189608253,0.427091304214747,0.4083743993143767,-0.00285242999123215,-1.3710143589559114,-0.9555788690310174,-0.0025624495990792784,-0.0030624495990792784,-0.0040624495990792785,0.9266780937222613,0.09521634030503642,-0.00015614000544995421,True,,,194,1.0,10,0.31085987354474054
R3,full,long,24,Q5,quintile,65615,730,747,-0.0014083811716005658,0.0013832511486222376,-1.0181673610055255,-0.0032467532467532756,-0.0025083444614146275,0.0014399579218758172,-1.741956777561274,0.08193834434995127,-0.00533531007328915,0.00031862115045989525,-0.007263011481628412,-0.0006542008569770545,-1.610197577834695,-0.0014518312091965685,0.0001434294952424595,-0.00173965031855806,-4.106179555361911,0.4222662500952526,0.4064009753867256,-0.0023258742115309003,-1.096826343792161,-0.9234093266690444,-0.00200834446141463,-0.0025083444614146305,-0.0035083444614146305,0.9606644822068124,0.09654586588266985,-0.0009214168068026805,True,,,194,1.0,10,0.8193834434995128
R3,full,long,48,Q1,quintile,65086,730,731,-0.001299992108058388,0.0020451793794923896,-0.6356372067378482,-0.002564948161480729,-0.00334936900101823,0.002073862103480927,-1.6150393969764891,0.10673604282244184,-0.0074208423339614926,0.0007221043319250334,-0.00557178907580151,0.00022491579020950643,0.49981886431008854,-0.000658524160464488,0.001108355740883501,-0.0017406652414688516,-3.751177852318644,0.46248982162884666,0.4449907050346449,-0.003158990459325789,-0.7157060388734103,-0.8560948461594722,-0.0028493690010182307,-0.0033493690010182324,-0.004349369001018232,0.9845749665842155,0.1004729188916593,2.2815041585387804e-05,True,-0.007460140777337298,0.0007168095196708911,194,1.0,10,1.0
R3,full,long,48,Q2,quintile,65340,730,740,-0.001292232605590604,0.0020228008238183976,-0.6388333395827298,-0.0023634023920847125,-0.0032888825657875764,0.0020539154861851554,-1.6012745353491589,0.10975053372240774,-0.0073211960528250545,0.0007434309212499017,-0.00550592081365772,0.00024138199865499945,0.6669391230859021,-0.0004691578136368173,0.0009519218109468162,-0.001653207576996453,-4.283056498368228,0.46512197361574487,0.44775182883903153,-0.00294233316436261,-0.6742403477132729,-0.861339365268404,-0.0027888825657875786,-0.0032888825657875795,-0.00428888256578758,0.9831348902696581,0.0984176987698925,-4.368971871108861e-05,True,-0.007305373517063044,0.0008796072810851045,194,1.0,10,1.0
R3,full,long,48,Q3,quintile,65322,730,740,-0.0009116009626662481,0.001972815543213136,-0.46208119446459667,-0.0022388902122225107,-0.002869238748581717,0.002014234548279184,-1.4244809528428488,0.15473639646131274,-0.006823649331545118,0.0010851718343816838,-0.005894962630118015,0.0006010588577174758,1.7588994794273898,-6.982248371885142e-05,0.001271940199153803,-0.001330754592269422,-3.7701628828622247,0.4558744737849215,0.43937236892460774,-0.0024977846258348196,-0.5806124403203158,-0.8539311842189186,-0.002369238748581719,-0.0028692387485817197,-0.0038692387485817197,0.9755836203597398,0.09910852000212021,-0.00019637682096344502,True,-0.006977136773368062,0.001203347987256445,194,1.0,10,1.0
R3,full,long,48,Q4,quintile,65340,730,742,-0.001953643062459404,0.0018844744342667778,-1.0367044662081282,0.0,-0.0037945682081033556,0.0020365527412214614,-1.8632310036947488,0.06283280345988046,-0.007792794591187432,0.00020365817498072068,-0.006961157413286177,-0.0004212428820841493,-1.1741448778426926,-0.0011255800711259592,0.0002830943069576605,-0.0022229639689267666,-5.596494103708517,0.4234183220593187,0.4089100425453766,-0.003242072334952249,-0.760213793311699,-0.8856030502645476,-0.0032945682081033574,-0.0037945682081033582,-0.004794568208103359,0.9244896085213186,0.09521634030503642,-0.0003606945421136334,True,-0.007774686468036495,0.0002594283302544151,194,1.0,10,0.6283280345988046
R3,full,long,48,Q5,quintile,65615,730,747,-0.002754764963296204,0.0019506882631276908,-1.412201536948438,-0.005442670537010086,-0.0032660478726672776,0.0020352492435506265,-1.6047409834529365,0.10898510546162911,-0.007261715186854029,0.0007296194415194741,-0.010139626811745912,-0.001233752039123928,-2.1105786300743263,-0.0023813666770659105,-8.613740118194532e-05,-0.0017090399952899814,-2.792906300588393,0.4173893164672712,0.4048312123752191,-0.002833958598422862,-0.6638242494594104,-0.8221175526881039,-0.002766047872667279,-0.00326604787266728,-0.0042660478726672816,0.957890726205898,0.09654586588266985,-0.0015533946568128355,True,-0.007450414638273273,0.0005717299364122071,194,1.0,10,1.0
R3,full,long,72,Q1,quintile,65085,730,731,-0.0020623098838278868,0.002459138328867221,-0.8386311008286673,-0.005108359133126794,-0.0040845459133199815,0.0024970986382960134,-1.6357166876304177,0.10233232844952572,-0.008986942196513498,0.0008178503698735356,-0.00835306719132863,0.0002779776628236226,0.4908712500217781,-0.0008337848721387581,0.0013897401977860033,-0.001672661701141902,-2.8459206676435906,0.4526110402679408,0.43640246431808755,-0.0036979091546391197,-0.560922373282837,-0.8135780522673155,-0.0035845459133199828,-0.004084545913319982,-0.005084545913319982,0.9824701562475995,0.1004729188916593,-3.501668167887389e-05,True,,,194,1.0,10,1.0
R3,full,long,72,Q2,quintile,65339,730,740,-0.001857119473884891,0.002411890120513843,-0.7699851075675203,-0.00534963698891866,-0.003745286887500275,0.002453871985843516,-1.5262763946558673,0.1273765558524292,-0.008562819009916135,0.0010722452349155847,-0.008684444248365784,0.00048275770725907417,1.0841600610232016,-0.0003914317080797684,0.0013569471225979167,-0.0012649657716583694,-2.681968937276554,0.4514554191790885,0.4364727128034036,-0.0031466821735162682,-0.48696545866445823,-0.8183179073162218,-0.003245286887500277,-0.0037452868875002773,-0.004745286887500277,0.980977013253344,0.0984176987698925,-0.00015041330535578543,True,,,194,1.0,10,1.0
R3,full,long,72,Q3,quintile,65321,730,740,-0.0015798726920421297,0.002361788534852443,-0.6689306297868176,-0.005094614264919972,-0.0033675943442678857,0.002416735475551926,-1.3934476397334323,0.16391090293977437,-0.008112218697950788,0.001377030009415017,-0.009080669851705398,0.0007343505499975892,1.6124834204561023,-0.0001597325763348687,0.001628433676330047,-0.0010425123677861058,-2.1816096979442907,0.4440566398775354,0.42928434749330274,-0.002768360180619871,-0.43052838412818756,-0.8184843916374649,-0.002867594344267885,-0.0033675943442678853,-0.004367594344267886,0.9733180252583238,0.09910852000212021,-0.00036917750621245845,True,,,194,1.0,10,1.0
R3,full,long,72,Q4,quintile,65338,730,742,-0.0024580210810195443,0.002272910212018545,-1.0814422268078088,-0.0007537740135479254,-0.004100790513221358,0.0024611981758064505,-1.666176480029963,0.09610962602521961,-0.008932705682383328,0.0007311246559406123,-0.009680253340010584,-0.0001166127233994679,-0.2618887909245276,-0.0009907884830120508,0.000757563036213115,-0.0017401711147294694,-3.555803887200954,0.4137767439013192,0.4009825227265771,-0.003330235949446804,-0.5235453177067622,-0.8288198169250938,-0.003600790513221357,-0.004100790513221358,-0.005100790513221358,0.9227296379051758,0.09521634030503642,-0.0005866681623074082,True,,,194,1.0,10,0.9610962602521961
R3,full,long,72,Q5,quintile,65615,730,747,-0.004617633417408113,0.0022983328191970736,-2.0091230385951198,-0.008833130640721887,-0.004666712776539976,0.0024053002488851265,-1.9401788939667846,0.05274483643289826,-0.009388887070842346,5.546151776239343e-05,-0.0143852003714202,-0.0022874002686643982,-3.4105934385027226,-0.0036040854497017384,-0.000970715087627058,-0.002219123304429007,-3.169725952266745,0.4080621809037568,0.3964337422845386,-0.003879446931625529,-0.6206157757491179,-0.8031714181210723,-0.004166712776539977,-0.004666712776539978,-0.005666712776539978,0.9550255276994589,0.09654586588266985,-0.0020544607817885945,True,,,194,1.0,10,0.5274483643289827
R3,full,short,24,Q1,quintile,65088,730,731,0.0006345216835387878,0.0014446884863054013,0.4392100370104649,0.0011472530379149082,-0.0013152456836455747,0.0014622646364768135,-0.8994580398350691,0.36870614833013976,-0.004186004460676457,0.0015555130933853074,-0.0002091467615742415,-0.00011805803220003455,-0.3845907335783089,-0.0007207098296282531,0.000484593765228184,-0.002093618904399556,-6.605932257115817,0.5106546421054249,0.491327259598396,-0.0014228540223454988,-0.6470543874617232,-0.8667266903410578,-0.0008152456836455744,-0.001315245683645575,-0.002315245683645575,0.9866797769208315,0.1004729188916593,4.866837361028604e-05,True,,,194,1.0,10,1.0
R3,full,short,24,Q2,quintile,65340,730,740,0.0007730567959310636,0.0014099994898326064,0.5482674295313682,0.0013550135501355642,-0.0011872714002478856,0.00142933021613693,-0.8306487799976272,0.40644439647663355,-0.0039933724033720235,0.0016188296028762522,9.409492214961131e-05,1.5879021334298296e-05,0.06831842520014667,-0.000440426388223504,0.00047218443089210065,-0.001979741131086183,-7.961060877078505,0.5127177007131707,0.4937559303357718,-0.0013554258660016868,-0.63088200942515,-0.8547526790517623,-0.0006872714002478853,-0.0011872714002478862,-0.0021872714002478862,0.9853998959321723,0.0984176987698925,2.0618446760263222e-05,True,,,194,1.0,10,1.0
R3,full,short,24,Q3,quintile,65324,730,740,0.00012582375875350968,0.001391075504949663,0.09045070400981772,0.0009465007584973373,-0.0018933982797239095,0.0014206543827710986,-1.3327648882697891,0.18302593561023123,-0.004682466644458442,0.000895670085010623,7.475350205627014e-05,-0.0006235151401498698,-2.594149996251264,-0.0010953843628901836,-0.00015164591740955599,-0.0026370086753221946,-10.544800943763082,0.5077382319173364,0.48932261768082663,-0.002046080899955538,-0.9620112081254064,-0.9107916033089404,-0.0013933982797239104,-0.0018933982797239113,-0.002893398279723911,0.9774052812858783,0.09910852000212021,-5.8722074425600656e-05,True,,,194,1.0,10,1.0
R3,full,short,24,Q4,quintile,65341,730,742,0.0011187913403410243,0.0013154750256545611,0.8504846679125133,0.0,-0.0009375504009207226,0.0014176957798896462,-0.6613198785099732,0.5086164357417937,-0.003720810353841274,0.0018457095519998292,0.000881121885245922,0.0003620106517834787,1.632490162730429,-7.334131277774889e-05,0.0007973626163447063,-0.0016962073968334,-6.981449633056835,0.4893177435646292,0.4714272596492302,-0.001147570008767853,-0.5515770640345364,-0.8369592247819785,-0.000437550400920723,-0.0009375504009207241,-0.0019375504009207238,0.9266780937222613,0.09521634030503642,-0.00015614000544995421,True,,,194,1.0,10,1.0
R3,full,short,24,Q5,quintile,65615,730,747,0.0014083811716005658,0.0013832511486222376,1.0181673610055255,0.0032467532467532756,-0.0014916555385853707,0.0014399579218758172,-1.0359021718094426,0.30059174949744993,-0.004318621150459894,0.001335310073289152,0.003263011481628412,0.0006542008569770545,1.610197577834695,-0.0001434294952424595,0.0014518312091965685,-0.0022603496814419402,-5.335211077131155,0.5275470547893012,0.506743884782443,-0.0016741257884691028,-0.7894774612106489,-0.903862086244645,-0.0009916555385853709,-0.001491655538585372,-0.0024916555385853727,0.9606644822068124,0.09654586588266985,-0.0009214168068026805,True,,,194,1.0,10,1.0
R3,full,short,48,Q1,quintile,65086,730,731,0.001299992108058388,0.0020451793794923896,0.6356372067378482,0.002564948161480729,-0.0006506309989817705,0.002073862103480927,-0.313729151947809,0.7538167526116573,-0.004722104331925034,0.0034208423339614925,0.0015717890758015097,-0.00022491579020950643,-0.49981886431008854,-0.001108355740883501,0.000658524160464488,-0.0022593347585311498,-4.868923848921125,0.5189817019772927,0.5041251209881854,-0.0008410095406742136,-0.1905404953768528,-0.6341559685512429,-0.00015063099898177034,-0.0006506309989817705,-0.0016506309989817707,0.9845749665842155,0.1004729188916593,2.2815041585387804e-05,True,-0.004716809519670891,0.003460140777337285,194,1.0,10,1.0
R3,full,short,48,Q2,quintile,65340,730,740,0.001292232605590604,0.0020228008238183976,0.6388333395827298,0.0023634023920847125,-0.0007111174342124219,0.0020539154861851554,-0.3462252653507265,0.7292736038523339,-0.0047434309212499,0.003321196052825056,0.0015059208136577202,-0.00024138199865499945,-0.6669391230859021,-0.0009519218109468162,0.0004691578136368173,-0.0023467924230035483,-6.0799652006967735,0.5160386887453705,0.5017293624315142,-0.0010576668356373933,-0.2423660459876694,-0.6853348470043013,-0.00021111743421242261,-0.0007111174342124228,-0.0017111174342124228,0.9831348902696581,0.0984176987698925,-4.368971871108861e-05,True,-0.004879607281085056,0.0033053735170630433,194,1.0,10,1.0
R3,full,short,48,Q3,quintile,65322,730,740,0.0009116009626662481,0.001972815543213136,0.46208119446459667,0.0022388902122225107,-0.0011307612514182823,0.002014234548279184,-0.5613850940965752,0.5747080449018016,-0.005085171834381683,0.0028236493315451187,0.001894962630118015,-0.0006010588577174758,-1.7588994794273898,-0.001271940199153803,6.982248371885142e-05,-0.0026692454077305795,-7.562243271551935,0.5156525066972828,0.5006659012629162,-0.0015022153741651827,-0.3491914095632769,-0.7244351381195124,-0.0006307612514182827,-0.0011307612514182823,-0.002130761251418283,0.9755836203597398,0.09910852000212021,-0.00019637682096344502,True,-0.005203347987256463,0.002977136773368091,194,1.0,10,1.0
R3,full,short,48,Q4,quintile,65340,730,742,0.001953643062459404,0.0018844744342667778,1.0367044662081282,0.0,-0.00020543179189664296,0.002036552741221461,-0.10087231611464742,0.919679631357466,-0.004203658174980718,0.0037927945911874323,0.002961157413286177,0.0004212428820841493,1.1741448778426926,-0.0002830943069576605,0.0011255800711259592,-0.001777036031073234,-4.473833948276006,0.49419974901288605,0.48005876771448686,-0.0007579276650477543,-0.17772184139448527,-0.7279040662897973,0.00029456820810335615,-0.00020543179189664383,-0.0012054317918966438,0.9244896085213186,0.09521634030503642,-0.0003606945421136334,True,-0.004259428330254435,0.003774686468036471,194,1.0,10,1.0
R3,full,short,48,Q5,quintile,65615,730,747,0.002754764963296204,0.0019506882631276908,1.412201536948438,0.005442670537010086,-0.0007339521273327211,0.0020352492435506265,-0.36062026784114815,0.7184880897717288,-0.004729619441519473,0.0032617151868540306,0.006139626811745912,0.001233752039123928,2.1105786300743263,8.613740118194532e-05,0.0023813666770659105,-0.0022909600047100204,-3.7438776442823833,0.5335670197363408,0.5147908252686123,-0.0011660414015771405,-0.27313262750955924,-0.7457039220311479,-0.00023395212733272127,-0.0007339521273327214,-0.0017339521273327218,0.957890726205898,0.09654586588266985,-0.0015533946568128355,True,-0.00457172993641225,0.003450414638273251,194,1.0,10,1.0
R3,full,short,72,Q1,quintile,65085,730,731,0.0020623098838278868,0.002459138328867221,0.8386311008286673,0.005108359133126794,8.454591331998262e-05,0.0024970986382960134,0.033857658653674814,0.9729999635491822,-0.004817850369873535,0.004986942196513499,0.00435306719132863,-0.0002779776628236226,-0.4908712500217781,-0.0013897401977860033,0.0008337848721387581,-0.0023273382988580993,-3.959808585798926,0.5293367542902795,0.5165542564795895,-0.0003020908453608824,-0.04582306023236564,-0.6061817799236349,0.000584545913319981,8.454591331997977e-05,-0.0009154540866800203,0.9824701562475995,0.1004729188916593,-3.501668167887389e-05,True,,,194,1.0,10,1.0
R3,full,short,72,Q2,quintile,65339,730,740,0.001857119473884891,0.002411890120513843,0.7699851075675203,0.00534963698891866,-0.0002547131124997237,0.002453871985843516,-0.10380048917350768,0.9173563452486285,-0.005072245234915583,0.0045628190099161366,0.004684444248365784,-0.00048275770725907417,-1.0841600610232016,-0.0013569471225979167,0.0003914317080797684,-0.0027350342283416324,-5.798794724053177,0.5297358513666555,0.5168804138226561,-0.0008533178264837337,-0.13205537891863667,-0.671808999153312,0.00024528688750027596,-0.0002547131124997252,-0.0012547131124997254,0.980977013253344,0.0984176987698925,-0.00015041330535578543,True,,,194,1.0,10,1.0
R3,full,short,72,Q3,quintile,65321,730,740,0.0015798726920421297,0.002361788534852443,0.6689306297868176,0.005094614264919972,-0.0006324056557321144,0.002416735475551926,-0.26167764826958884,0.7936441952652737,-0.005377030009415017,0.004112218697950788,0.005080669851705398,-0.0007343505499975892,-1.6124834204561023,-0.001628433676330047,0.0001597325763348687,-0.0029574876322138958,-6.188975689266757,0.5280520474550325,0.5145656333716035,-0.0012316398193801326,-0.1915415143512613,-0.7134922386822954,-0.00013240565573211617,-0.0006324056557321174,-0.0016324056557321172,0.9733180252583238,0.09910852000212021,-0.00036917750621245845,True,,,194,1.0,10,1.0
R3,full,short,72,Q4,quintile,65338,730,742,0.0024580210810195443,0.002272910212018545,1.0814422268078088,0.0007537740135479254,0.00010079051322135825,0.0024611981758064505,0.040951807218178454,0.9673455750089542,-0.0047311246559406115,0.0049327056823833286,0.005680253340010584,0.0001166127233994679,0.2618887909245276,-0.000757563036213115,0.0009907884830120508,-0.0022598288852705324,-4.617654129894677,0.5040249762786569,0.49116953873465763,-0.0006697640505531986,-0.105293390005501,-0.7082145964998509,0.0006007905132213561,0.00010079051322135536,-0.0008992094867786449,0.9227296379051758,0.09521634030503642,-0.0005866681623074082,True,,,194,1.0,10,1.0
R3,full,short,72,Q5,quintile,65615,730,747,0.004617633417408113,0.0022983328191970736,2.0091230385951198,0.008833130640721887,0.0006667127765399783,0.0024053002488851265,0.27718484494773754,0.7817170796039831,-0.004055461517762392,0.005388887070842348,0.010385200371420199,0.0022874002686643982,3.4105934385027226,0.000970715087627058,0.0036040854497017384,-0.0017808766955709951,-2.543748275939489,0.5434123294978283,0.526160176788844,-0.00012055306837447482,-0.01928551604566277,-0.6457291092439199,0.001166712776539976,0.0006667127765399765,-0.0003332872234600247,0.9550255276994589,0.09654586588266985,-0.0020544607817885945,True,,,194,1.0,10,1.0
R3,live_diag,long,24,Q1,quintile,58163,730,696,-0.0006513245736895005,0.0014923184501279315,-0.4364514649226944,-0.002044989775051076,-0.00269279731829155,0.0014935936904723248,-1.802898161306504,0.07181762481205663,-0.0056250621691822135,0.00023946753259911297,-0.004146333754740826,6.645385797922454e-05,0.19832217973767596,-0.0005913836681569731,0.0007242913841154221,-0.001963286652952963,-5.851661607738146,0.47626497945429225,0.45640699413716623,-0.0026592734049182866,-1.1861452433138615,-0.9410006009021757,-0.0021927973182915518,-0.002692797318291552,-0.003692797318291552,0.9977305159637571,0.10166124329913297,5.207782857437931e-05,True,,,194,1.0,10,0.7181762481205662
R3,live_diag,long,24,Q2,quintile,58459,730,699,-0.00061257373002062,0.0014589569417424802,-0.41987101366336627,-0.002154011847065207,-0.0026390516314828702,0.0014609014328457032,-1.8064542700476633,0.07126023750584135,-0.005507134129069342,0.0002290308661036019,-0.004289334886839366,0.00010495188243113036,0.3979823601092503,-0.00041276954695262176,0.0006226733118148825,-0.0019027133626725405,-7.171043665027846,0.47494911137339424,0.45514103419373597,-0.0025073053217164426,-1.149868037297711,-0.9429281798788114,-0.0021390516314828733,-0.0026390516314828737,-0.0036390516314828737,0.9977762953079831,0.09947973895978542,1.7060056059382315e-05,True,,,194,1.0,10,0.7126023750584134
R3,live_diag,long,24,Q3,quintile,58461,730,696,-0.0001671687974874495,0.0014459291726783825,-0.11561340669114004,-0.00222988039732408,-0.002158121824441337,0.0014466191177652243,-1.4918383131665376,0.1361747270849103,-0.004998164882140653,0.0006819212332579796,-0.004342779909312864,0.0005500381101860021,2.023168673655471,1.6297286468112114e-05,0.0010837789339038922,-0.0014192933932260065,-5.228279506996528,0.474487265014283,0.45348180838507723,-0.0020490841518037485,-0.9432263132666918,-0.9279180913801457,-0.001658121824441339,-0.0021581218244413397,-0.0031581218244413393,0.9976394519423205,0.10151856864528719,-5.22227970097587e-05,True,,,194,1.0,10,1.0
R3,live_diag,long,24,Q4,quintile,58461,730,709,-0.0009831147037626382,0.0014278720660588398,-0.6885173588949012,-0.0034088972217487523,-0.00285909835390522,0.0014296928371796986,-1.9997990334380187,0.045893078787230764,-0.005665911264788936,-5.2285443021504036e-05,-0.00550553917168861,-0.00026567659671078,-1.0051346944716082,-0.0007845946349828773,0.0002532414415613172,-0.002121755506632827,-7.98456239166917,0.46489112399719473,0.4449290980311661,-0.002638572047557244,-1.2293334287588822,-0.9543026587570165,-0.002359098353905223,-0.0028590983539052233,-0.0038590983539052233,0.9972973435281641,0.10405542238085323,-0.0001405640757765498,True,,,194,1.0,10,0.4589307878723076
R3,live_diag,long,24,Q5,quintile,58737,730,717,-0.0017298869907260387,0.0014518118050893293,-1.1915366610616585,-0.006727430555555469,-0.0028190975380474005,0.0014552059708055464,-1.9372498427056726,0.053101315229698604,-0.005675998545475962,3.780346938116099e-05,-0.008466839883622387,-0.001016588197939701,-2.3719046160613835,-0.0018580173903856966,-0.00017515900549370535,-0.002101679118000347,-4.850451452339708,0.4408975603112178,0.42576229633791307,-0.002658265104671245,-1.2177502862086238,-0.9400434828381798,-0.002319097538047403,-0.002819097538047403,-0.0038190975380474035,0.9968844169773737,0.10382480314856181,-0.0008968571231683604,True,,,194,1.0,10,0.5310131522969861
R3,live_diag,long,48,Q1,quintile,58162,730,696,-0.0012386306025942207,0.00210958270476895,-0.5871448413916915,-0.0037219210911170753,-0.003270423076592026,0.0021153570987884345,-1.5460382922888776,0.12253049123286928,-0.007423360729926481,0.000882514576742429,-0.005976014615136433,0.0002131337095192532,0.4409724839906176,-0.0007357443065998551,0.0011620117256383616,-0.001763093817636048,-3.6297465678331755,0.46988635386757904,0.4529511889001599,-0.00323335727951097,-0.7180004742064185,-0.8625648669281543,-0.0027704230765920267,-0.0032704230765920276,-0.004270423076592028,0.9957361209016041,0.10166124329913297,2.6103557627550886e-05,True,-0.007448002060933746,0.0008553125331365633,194,1.0,10,1.0
R3,live_diag,long,48,Q2,quintile,58459,730,699,-0.0008632827632876735,0.002083744270208178,-0.4142940070095197,-0.00347222222222221,-0.0028164694934784207,0.002089625991638547,-1.3478342558660132,0.1781315356168498,-0.006918891002845526,0.0012859520158886844,-0.00572580645161287,0.0005780495374147593,1.4120524755590915,-0.0002256319296311274,0.001381731004460646,-0.001309941650716605,-3.166198321102577,0.4737004156617232,0.45633841364328354,-0.002596444955376882,-0.5870407251367252,-0.8536487824659533,-0.002316469493478422,-0.0028164694934784238,-0.003816469493478423,0.995569696036674,0.09947973895978542,-5.682750592763708e-05,True,-0.006950364994336716,0.0013884319406334072,194,1.0,10,1.0
R3,live_diag,long,48,Q3,quintile,58461,730,696,-0.0011784618568536267,0.002053729916567679,-0.5738154016001993,-0.0043558850787766,-0.003136023446034808,0.002054404885534229,-1.5264875332592067,0.12732340924467492,-0.007169297737744674,0.0008972508456750582,-0.006499985368170978,0.0002743144173016978,0.7225830383874188,-0.0004709846931883785,0.0010196135277917742,-0.0016148786830295625,-4.28650275510774,0.4667042985922239,0.4501633567677597,-0.0027934561607637484,-0.6335028345322339,-0.8640842502846504,-0.002636023446034809,-0.0031360234460348093,-0.00413602344603481,0.9955525906159662,0.10151856864528719,-0.00018787754316936686,True,-0.007286940623428488,0.0009575768048139297,194,1.0,10,1.0
R3,live_diag,long,48,Q4,quintile,58460,730,709,-0.0020046671083658175,0.0020205462835322895,-0.9921411475223858,-0.005647456746784962,-0.0037448498192216317,0.002027779037414938,-1.8467741061154561,0.06518610113292839,-0.007725851382478274,0.00023615174403501067,-0.007726925700753706,-0.0005649106091757731,-1.4976124873048422,-0.0013054531477319621,0.00017563192938041582,-0.002238358985171673,-5.848410147498315,0.45946870563281506,0.44374882400232635,-0.003223681732119931,-0.7375293898534073,-0.8919268350434943,-0.0032448498192216325,-0.0037448498192216343,-0.004744849819221634,0.9950565334154393,0.10405542238085323,-0.0003266849943271737,True,-0.0077837159674163554,0.0002968198402908419,194,1.0,10,0.6518610113292839
R3,live_diag,long,48,Q5,quintile,58737,730,717,-0.003162132711089447,0.002047820554030956,-1.5441454110151716,-0.010496391865296273,-0.0035861605105881266,0.002059109902698945,-1.7416071409727205,0.08200017327534577,-0.00762867184457049,0.00045635082339423637,-0.012062668856847576,-0.001718719856079745,-2.7494336947760387,-0.002945965716151782,-0.0004914739960077078,-0.0021012965689938485,-3.300498905419681,0.43480259461668114,0.42283398879752115,-0.0032601732908811016,-0.7428730408267994,-0.8477268811259208,-0.0030861605105881283,-0.003586160510588129,-0.00458616051058813,0.9941263598753767,0.10382480314856181,-0.0015064081502603158,True,-0.007704363678967469,0.0003075192853365132,194,1.0,10,0.8200017327534577
R3,live_diag,long,72,Q1,quintile,58162,730,696,-0.0020053054305837975,0.002533380839898017,-0.7915530894535866,-0.006580150101029636,-0.003990047361522187,0.0025436375353172385,-1.5686383402203392,0.11716795492754037,-0.008983810526376602,0.0010037158033322276,-0.00881742575975972,0.00022579604304109462,0.3726070341727226,-0.0009638972401629733,0.0014154893262451626,-0.0016813043582524947,-2.7506982483801212,0.45977683406976944,0.443873252755188,-0.003758070255838743,-0.5597946269917152,-0.8183380978448843,-0.0034900473615221876,-0.003990047361522189,-0.004990047361522189,0.9937417258394512,0.10166124329913297,-4.0708240973037264e-05,True,,,194,1.0,10,1.0
R3,live_diag,long,72,Q2,quintile,58458,730,699,-0.0014027477799115405,0.0024853853568118653,-0.5643985050716316,-0.006894333880879511,-0.0032318760097607975,0.002496857635013222,-1.2943773663505982,0.1959466581475956,-0.00813379914640749,0.0016700471268858937,-0.009154479065337246,0.0008170836952948813,1.5962870204857875,-0.00018782196877831594,0.0018219893593680785,-0.0009248747526665142,-1.7881317158234395,0.4593147568464446,0.4446040950377175,-0.002785333203365808,-0.42400990895670493,-0.8112615244865816,-0.002731876009760798,-0.0032318760097607992,-0.004231876009760799,0.9935170455517354,0.09947973895978542,-0.00016656611927964756,True,,,194,1.0,10,1.0
R3,live_diag,long,72,Q3,quintile,58461,730,696,-0.0018075688982045026,0.0024674621690169204,-0.7325619500479188,-0.0075301204819278045,-0.003545445328860358,0.0024745055148078588,-1.43278942303576,0.1523484727694677,-0.008403485957489246,0.0013125952997685305,-0.009713152064128245,0.0004283177808059306,0.823812294602752,-0.0005924044338891071,0.0014490399955009684,-0.0012187920006943912,-2.321209955665089,0.45555156429072374,0.44056721575067137,-0.0029390786444765046,-0.4451497720734309,-0.8241855670911319,-0.0030454453288603594,-0.003545445328860359,-0.004545445328860359,0.9933973076067806,0.10151856864528719,-0.0003559003560912697,True,,,194,1.0,10,1.0
R3,live_diag,long,72,Q4,quintile,58459,730,709,-0.002813528100841089,0.0024263333340779508,-1.1595802033154192,-0.008941814637453915,-0.004381985806316528,0.002438784117032981,-1.7967911861127102,0.07278432656920841,-0.009169896867375935,0.0004059252547428801,-0.011114119307558045,-0.0005932804540359152,-1.241707169663933,-0.0015312971830856463,0.000344736275013816,-0.002074080030526556,-4.276039916780163,0.44713569730247515,0.4330066197978139,-0.0035809532978998792,-0.5495019976858093,-0.8467188655883033,-0.0038819858063165276,-0.004381985806316528,-0.005381985806316529,0.9928328287234225,0.10405542238085323,-0.000530812303676657,True,,,194,1.0,10,0.7278432656920841
R3,live_diag,long,72,Q5,quintile,58737,730,717,-0.0049715794660055435,0.0024164395257918,-2.0573986697955933,-0.01498929336188437,-0.004836209595402,0.0024384157821073687,-1.9833408358366058,0.047705717917843705,-0.009623397527730088,-4.902166307391154e-05,-0.016365377597538158,-0.0027573221825224086,-3.899264618144536,-0.004145594097475322,-0.0013690502675694958,-0.002565657298608827,-3.556830878737528,0.4253026201542469,0.4143214668777772,-0.004296252075826385,-0.666354840314766,-0.8242345439872254,-0.004336209595402,-0.004836209595402,-0.0058362095954020005,0.9912831775541822,0.10382480314856181,-0.001993137794246467,True,,,194,1.0,10,0.47705717917843704
R3,live_diag,short,24,Q1,quintile,58163,730,696,0.0006513245736895005,0.0014923184501279315,0.4364514649226944,0.002044989775051076,-0.0013072026817084498,0.0014935936904723248,-0.8752063496566246,0.38175029429070584,-0.004239467532599113,0.0016250621691822132,0.00014633375474082562,-6.645385797922454e-05,-0.19832217973767596,-0.0007242913841154221,0.0005913836681569731,-0.002036713347047039,-6.070513076099721,0.5190585079861768,0.5003696508089335,-0.0013407265950817159,-0.5980191695969799,-0.8625028369165573,-0.0008072026817084496,-0.0013072026817084505,-0.0023072026817084496,0.9977305159637571,0.10166124329913297,5.207782857437931e-05,True,,,194,1.0,10,1.0
R3,live_diag,short,24,Q2,quintile,58459,730,699,0.00061257373002062,0.0014589569417424802,0.41987101366336627,0.002154011847065207,-0.0013609483685171281,0.0014609014328457034,-0.9315812401293386,0.35186181104587244,-0.0042290308661036,0.0015071341290693444,0.0002893348868393663,-0.00010495188243113036,-0.3979823601092503,-0.0006226733118148825,0.00041276954695262176,-0.00209728663732746,-7.90436139746762,0.5205179521390328,0.5019072544089221,-0.0014926946782835605,-0.684560386458099,-0.8700543891264341,-0.0008609483685171282,-0.0013609483685171286,-0.0023609483685171286,0.9977762953079831,0.09947973895978542,1.7060056059382315e-05,True,,,194,1.0,10,1.0
R3,live_diag,short,24,Q3,quintile,58461,730,696,0.0001671687974874495,0.0014459291726783825,0.11561340669114004,0.00222988039732408,-0.0018418781755586628,0.0014466191177652243,-1.2732295273437595,0.20334301365556126,-0.004681921233257979,0.0009981648821406539,0.00034277990931286424,-0.0005500381101860021,-2.023168673655471,-0.0010837789339038922,-1.6297286468112114e-05,-0.002580706606773994,-9.506600629696912,0.5210140093395597,0.5024717332922803,-0.0019509158481962538,-0.8980378679752509,-0.9089404850448066,-0.0013418781755586624,-0.0018418781755586626,-0.0028418781755586626,0.9976394519423205,0.10151856864528719,-5.22227970097587e-05,True,,,194,1.0,10,1.0
R3,live_diag,short,24,Q4,quintile,58461,730,709,0.0009831147037626382,0.0014278720660588398,0.6885173588949012,0.0034088972217487523,-0.001140901646094779,0.0014296928371796986,-0.7980047297050133,0.4251279683927127,-0.003947714556978494,0.0016659112647889368,0.0015055391716886097,0.00026567659671078,1.0051346944716082,-0.0002532414415613172,0.0007845946349828773,-0.0018782444933671736,-7.068184952138547,0.5307298883016027,0.5122560339371547,-0.0013614279524427587,-0.634301001685394,-0.8551655619808287,-0.0006409016460947785,-0.0011409016460947794,-0.0021409016460947794,0.9972973435281641,0.10405542238085323,-0.0001405640757765498,True,,,194,1.0,10,1.0
R3,live_diag,short,24,Q5,quintile,58737,730,717,0.0017298869907260387,0.0014518118050893293,1.1915366610616585,0.006727430555555469,-0.001180902461952598,0.0014552059708055464,-0.8115019355637303,0.4173427204516028,-0.004037803469381159,0.0016759985454759634,0.004466839883622388,0.001016588197939701,2.3719046160613835,0.00017515900549370535,0.0018580173903856966,-0.0018983208819996552,-4.381122313221035,0.5549313039481076,0.534671501779117,-0.0013417348953287576,-0.6146482718866224,-0.8840671925351088,-0.0006809024619525979,-0.0011809024619525992,-0.0021809024619525988,0.9968844169773737,0.10382480314856181,-0.0008968571231683604,True,,,194,1.0,10,1.0
R3,live_diag,short,48,Q1,quintile,58162,730,696,0.0012386306025942207,0.00210958270476895,0.5871448413916915,0.0037219210911170753,-0.0007295769234079746,0.0021153570987884345,-0.3448953955934144,0.7302727667292422,-0.004882514576742429,0.0034233607299264802,0.0019760146151364326,-0.0002131337095192532,-0.4409724839906176,-0.0011620117256383616,0.0007357443065998551,-0.002236906182363953,-4.6052016386098185,0.5268641576259822,0.5122500558774479,-0.000766642720489032,-0.17024095677458717,-0.640000341355283,-0.0002295769234079748,-0.0007295769234079747,-0.0017295769234079751,0.9957361209016041,0.10166124329913297,2.6103557627550886e-05,True,-0.004855312533136572,0.003448002060933758,194,1.0,10,1.0
R3,live_diag,short,48,Q2,quintile,58459,730,699,0.0008632827632876735,0.002083744270208178,0.4142940070095197,0.00347222222222221,-0.0011835305065215785,0.002089625991638547,-0.5663838941788487,0.5713076376008985,-0.005285952015888684,0.0029188910028455266,0.0017258064516128702,-0.0005780495374147593,-1.4120524755590915,-0.001381731004460646,0.0002256319296311274,-0.002690058349283396,-6.502013448087313,0.5234258736593627,0.5093310069961171,-0.0014035550446231198,-0.317335427989178,-0.6986273610718126,-0.0006835305065215796,-0.0011835305065215791,-0.0021835305065215794,0.995569696036674,0.09947973895978542,-5.682750592763708e-05,True,-0.00538843194063339,0.0029503649943367636,194,1.0,10,1.0
R3,live_diag,short,48,Q3,quintile,58461,730,696,0.0011784618568536267,0.002053729916567679,0.5738154016001993,0.0043558850787766,-0.0008639765539651925,0.002054404885534229,-0.4205483349697757,0.6742092055453874,-0.004897250845675058,0.0031692977377446737,0.002499985368170978,-0.0002743144173016978,-0.7225830383874188,-0.0010196135277917742,0.0004709846931883785,-0.0023851213169704386,-6.331019911216964,0.5300456714732898,0.5153521150852706,-0.001206543839236254,-0.2736212412707394,-0.7183607783147742,-0.00036397655396519285,-0.0008639765539651932,-0.0018639765539651928,0.9955525906159662,0.10151856864528719,-0.00018787754316936686,True,-0.004957576804813941,0.0032869406234285027,194,1.0,10,1.0
R3,live_diag,short,48,Q4,quintile,58460,730,709,0.0020046671083658175,0.0020205462835322895,0.9921411475223858,0.005647456746784962,-0.000255150180778369,0.002027779037414938,-0.12582740824840594,0.8999033335491233,-0.004236151744035011,0.0037258513824782735,0.003726925700753706,0.0005649106091757731,1.4976124873048422,-0.00017563192938041582,0.0013054531477319621,-0.0017616410148283276,-4.602835941698171,0.53734968611553,0.522142967106276,-0.0007763182678800718,-0.17760982194266517,-0.7437914596573038,0.0002448498192216321,-0.00025515018077836824,-0.0012551501807783678,0.9950565334154393,0.10405542238085323,-0.0003266849943271737,True,-0.004296819840290888,0.003783715967416355,194,1.0,10,1.0
R3,live_diag,short,48,Q5,quintile,58737,730,717,0.003162132711089447,0.002047820554030956,1.5441454110151716,0.010496391865296273,-0.0004138394894118732,0.0020591099026989446,-0.20097979659533466,0.8407705860735855,-0.004456350823394235,0.003628671844570489,0.008062668856847576,0.001718719856079745,2.7494336947760387,0.0004914739960077078,0.002945965716151782,-0.0018987034310061534,-2.9822865978185242,0.5623371980182849,0.5441714762415514,-0.000739826709118901,-0.16857917296154112,-0.7303423572601693,8.616051058812717e-05,-0.0004138394894118734,-0.001413839489411873,0.9941263598753767,0.10382480314856181,-0.0015064081502603158,True,-0.004307519285336526,0.0037043636789674816,194,1.0,10,1.0
R3,live_diag,short,72,Q1,quintile,58162,730,696,0.0020053054305837975,0.002533380839898017,0.7915530894535866,0.006580150101029636,-9.952638477812957e-06,0.0025436375353172385,-0.003912758142473188,0.9968791535212402,-0.005003715803332228,0.004983810526376602,0.004817425759759721,-0.00022579604304109462,-0.3726070341727226,-0.0014154893262451626,0.0009638972401629733,-0.0023186956417475062,-3.793502353678933,0.5375926276154944,0.5253511682684868,-0.00024192974416126085,-0.036037370690593415,-0.6173374187291396,0.0004900473615221864,-9.952638477814617e-06,-0.0010099526384778142,0.9937417258394512,0.10166124329913297,-4.0708240973037264e-05,True,,,194,1.0,10,1.0
R3,live_diag,short,72,Q2,quintile,58458,730,699,0.0014027477799115405,0.0024853853568118653,0.5643985050716316,0.006894333880879511,-0.0007681239902392008,0.002496857635013222,-0.3076362782834966,0.7584473429326529,-0.005670047126885892,0.004133799146407491,0.005154479065337243,-0.0008170836952948813,-1.5962870204857875,-0.0018219893593680785,0.00018782196877831594,-0.0030751252473334868,-5.945376894582726,0.5376062674261474,0.5252561536750996,-0.0012146667966341953,-0.18490813136153053,-0.680580078864325,-0.0002681239902392029,-0.0007681239902392038,-0.0017681239902392037,0.9935170455517354,0.09947973895978542,-0.00016656611927964756,True,,,194,1.0,10,1.0
R3,live_diag,short,72,Q3,quintile,58461,730,696,0.0018075688982045026,0.0024674621690169204,0.7325619500479188,0.0075301204819278045,-0.0004545546711396417,0.0024745055148078588,-0.1836951538073,0.8543039029601626,-0.00531259529976853,0.004403485957489247,0.005713152064128245,-0.0004283177808059306,-0.823812294602752,-0.0014490399955009684,0.0005924044338891071,-0.002781207999305611,-5.296857620566492,0.5419510442859342,0.5287285540787876,-0.0010609213555234983,-0.16068603692748035,-0.7116408589919054,4.544532886035746e-05,-0.00045455467113964307,-0.0014545546711396437,0.9933973076067806,0.10151856864528719,-0.0003559003560912697,True,,,194,1.0,10,1.0
R3,live_diag,short,72,Q4,quintile,58459,730,709,0.002813528100841089,0.0024263333340779508,1.1595802033154192,0.008941814637453915,0.00038198580631652846,0.002438784117032981,0.15662961048854604,0.8755803099186601,-0.004405925254742879,0.005169896867375937,0.007114119307558045,0.0005932804540359152,1.241707169663933,-0.000344736275013816,0.0015312971830856463,-0.001925919969473445,-3.970584810992924,0.5499221703357794,0.535912830776073,-0.0004190467021001245,-0.06430326808861576,-0.7197787202016529,0.0008819858063165261,0.0003819858063165263,-0.0006180141936834737,0.9928328287234225,0.10405542238085323,-0.000530812303676657,True,,,194,1.0,10,1.0
R3,live_diag,short,72,Q5,quintile,58737,730,717,0.0049715794660055435,0.0024164395257918,2.0573986697955933,0.01498929336188437,0.0008362095954019995,0.0024384157821073687,0.3429315055856948,0.7317492595194651,-0.0039509783369260885,0.0056233975277300875,0.012365377597538156,0.0027573221825224086,3.899264618144536,0.0013690502675694958,0.004145594097475322,-0.0014343427013911738,-1.9884629228409514,0.5722798236205459,0.5546589032466759,0.00029625207582638184,0.045949120581393055,-0.6380680925418124,0.0013362095954019984,0.0008362095954019971,-0.00016379040459800208,0.9912831775541822,0.10382480314856181,-0.001993137794246467,True,,,194,1.0,10,1.0
