run,universe,direction,horizon_h,comparison,diff_gross,t_gross,p_gross,diff_net,se,t_stat_clustered,p_value_raw,ci_lo,ci_hi,diff_neutral_gross,t_neutral_gross,ci_lo_neutral,ci_hi_neutral,diff_neutral_net,t_neutral_net,n_days,n_obs,p_value_bonferroni
R1,full,long,48,Q5 - Q1,0.007889304984039638,5.862724476611789,6.8995878151289405e-09,0.00290951497541971,0.001336161398213836,2.1775176107535463,0.02976281999043655,0.0002863195892825769,0.005532710361556843,0.005964297054795425,5.657567077502249,0.003894635721648969,0.00803395838794188,0.0009300994318388419,0.8958160595409084,728,111411,1.0
R1,full,short,48,Q5 - Q1,-0.007889304984039638,-5.862724476611789,6.8995878151289405e-09,-0.0029095149754196897,0.0013361613982138375,-2.1775176107535286,0.029762819990437877,-0.005532710361556826,-0.0002863195892825539,-0.005964297054795425,-5.657567077502249,-0.00803395838794188,-0.003894635721648969,-0.0009300994318388576,-0.8958160595409235,728,111411,1.0
R1,full,long,48,D10 - D1,0.0101748219054502,5.7690321653819305,1.1784241712471237e-08,0.0017674469753610439,0.0017495589993327886,1.0102242771093042,0.31272395405539416,-0.0016673439869879436,0.005202237937710031,0.010300172241825325,6.391551589922602,0.007136380263640236,0.013463964220010415,0.0018834363866553241,1.1800159850287124,728,57196,1.0
R1,full,short,48,D10 - D1,-0.0101748219054502,-5.7690321653819305,1.1784241712471237e-08,-0.001767446975361027,0.0017495589993327914,-1.0102242771092929,0.31272395405539954,-0.00520223793771002,0.0016673439869879661,-0.010300172241825325,-6.391551589922602,-0.013463964220010415,-0.007136380263640236,-0.0018834363866552816,-1.1800159850286862,728,57196,1.0
R2,full,long,48,Q5 - Q1,-0.0024032760850673683,-3.2691397408427485,0.0011293927089881962,-0.004366607027081191,0.0007504321184805497,-5.818790160424575,8.885999402892334e-09,-0.005839879697163412,-0.0028933343569989703,-0.002394118088231925,-3.2539466831683073,-0.0038385759181247528,-0.0009496602583390975,-0.0043353426374583256,-5.779107520250531,728,127395,1.7238838841611128e-06
R2,full,short,48,Q5 - Q1,0.0024032760850673683,3.2691397408427485,0.0011293927089881962,0.004366607027081154,0.0007504321184805473,5.818790160424544,8.88599940289385e-09,0.0028933343569989374,0.0058398796971633705,0.002394118088231925,3.2539466831683073,0.0009496602583390975,0.0038385759181247528,0.004335342637458353,5.77910752025057,728,127395,1.7238838841614071e-06
R3,full,long,48,Q5 - Q1,-0.001454772855237808,-1.6504425535183034,0.0992831829219304,8.332112835092448e-05,0.0009106071137770799,0.09150063412674131,0.927120008013885,-0.0017044122866668064,0.0018710545433686552,-0.0014586678293334401,-1.656501272784745,-0.0031874264667588912,0.00027009080809201123,3.162524617888456e-05,0.03528890991829593,728,126934,1.0
R3,full,short,48,Q5 - Q1,0.001454772855237808,1.6504425535183034,0.0992831829219304,-8.332112835094634e-05,0.0009106071137770818,-0.09150063412676511,0.9271200080138661,-0.001871054543368681,0.0017044122866667884,0.0014586678293334401,1.656501272784745,-0.00027009080809201123,0.0031874264667588912,-3.16252461789159e-05,-0.0352889099183309,728,126934,1.0
R4,full,long,48,Q5 - Q1,-0.0021537874108552364,-1.8197678691771204,0.06920435851748859,-0.0019032016055334571,0.001255369080142723,-1.5160494516218943,0.12994151577485177,-0.00436778289289272,0.0005613796818258051,-0.002147402879273724,-1.8146243827788109,-0.004470655956729004,0.00017585019818155577,-0.0014912653947112768,-1.3733254154027654,728,130621,1.0
R4,full,short,48,Q5 - Q1,0.0021537874108552364,1.8197678691771204,0.06920435851748859,0.0019032016055335074,0.0012553690801427211,1.5160494516219367,0.12994151577484103,-0.0005613796818257509,0.0043677828928927655,0.002147402879273724,1.8146243827788109,-0.00017585019818155577,0.004470655956729004,0.0014912653947112922,1.3733254154027799,728,130621,1.0
R4,full,long,48,Q5|L1 - Q1|L1,-0.0006465253203015576,-0.41623503776807963,0.6773605342848116,-0.0008916018999050972,0.0019452106823859118,-0.4583574971999931,0.6468326024123903,-0.004710502591034605,0.0029272987912244107,-0.0007890960604431614,-0.3679241683702807,-0.004999669924838079,0.0034214778039517568,0.0007015251734305885,0.3567931345483573,728,28169,1.0
R4,full,short,48,Q5|L1 - Q1|L1,0.0006465253203015576,0.41623503776807963,0.6773605342848116,0.0008916018999050512,0.0019452106823859107,0.45835749719996965,0.646832602412407,-0.0029272987912244545,0.0047105025910345565,0.0007890960604431614,0.3679241683702807,-0.0034214778039517568,0.004999669924838079,-0.0007015251734306474,-0.35679313454838724,728,28169,1.0
R4,full,long,48,Q5|L2 - Q1|L2,-0.0045252722881635584,-2.7361324547191557,0.006367873355167031,-0.0041890768332305045,0.0016732293552260348,-2.5035879391827947,0.01251224260573532,-0.007474014963044449,-0.0009041387034165595,-0.004002229733326853,-3.1641880367499278,-0.006485416939514558,-0.0015190425271391474,-0.0036651625486846346,-2.877644562998875,728,46012,1.0
R4,full,short,48,Q5|L2 - Q1|L2,0.0045252722881635584,2.7361324547191557,0.006367873355167031,0.004189076833230466,0.0016732293552260348,2.5035879391827716,0.012512242605736128,0.0009041387034165213,0.007474014963044411,0.004002229733326853,3.1641880367499278,0.0015190425271391474,0.006485416939514558,0.0036651625486845995,2.877644562998848,728,46012,1.0
R4,full,long,48,Q5|L3 - Q1|L3,-0.001534540043819709,-0.8551342047169451,0.39275780330697274,-0.0006936906073697505,0.001813707054738298,-0.3824711413882899,0.7022237165305935,-0.004254419112289827,0.002867037897550327,-0.0017643350542565666,-1.2032639913677043,-0.004642991750446513,0.0011143216419333796,-0.0009012257386887942,-0.6117157384690237,728,56440,1.0
R4,full,short,48,Q5|L3 - Q1|L3,0.001534540043819709,0.8551342047169451,0.39275780330697274,0.000693690607369744,0.001813707054738298,0.38247114138828636,0.7022237165305961,-0.002867037897550333,0.004254419112289821,0.0017643350542565666,1.2032639913677043,-0.0011143216419333796,0.004642991750446513,0.0009012257386887962,0.611715738469025,728,56440,1.0
R5,full,long,48,Q5 - Q1,0.0003612090172680819,0.23320739215221892,0.8156658306607544,0.0018947495387708234,0.001339136338704096,1.414904131870847,0.15752477706006845,-0.0007342863470084296,0.004523785424550076,0.00036649831001331844,0.23682427449528884,-0.0026716956287700837,0.003404692248796721,0.001972690265001208,1.2462100096838529,728,112358,1.0
R5,full,short,48,Q5 - Q1,-0.0003612090172680819,-0.23320739215221892,0.8156658306607544,-0.0018947495387706748,0.0013391363387041005,-1.4149041318707314,0.15752477706010237,-0.004523785424549937,0.0007342863470085868,-0.00036649831001331844,-0.23682427449528884,-0.003404692248796721,0.0026716956287700837,-0.0019726902650011417,-1.2462100096838113,728,112358,1.0
R6,full,long,48,Q5|L1 - Q1|L1,0.0005859086586198333,0.28662430056256305,0.7744814452198029,-0.0017214281175614268,0.0020635846334275364,-0.8341931266963349,0.4044461752002605,-0.005772724388017137,0.0023298681528942833,-0.0010571096521659793,-0.6628279145292232,-0.004188152279043917,0.002073932974711959,-0.0034895335792539703,-2.1679566616202406,728,26186,1.0
R6,full,short,48,Q5|L1 - Q1|L1,-0.0005859086586198333,-0.28662430056256305,0.7744814452198029,0.001721428117561379,0.0020635846334275407,0.83419312669631,0.4044461752002746,-0.0023298681528943392,0.005772724388017097,0.0010571096521659793,0.6628279145292232,-0.002073932974711959,0.004188152279043917,0.003489533579253983,2.1679566616202477,728,26186,1.0
R6,full,long,48,Q5|L2 - Q1|L2,0.007158590308814403,4.045159357543429,5.786436249754527e-05,0.003129709080292318,0.001774187552202746,1.7640238070696763,0.07814791324064098,-0.0003534334557079291,0.006612851616292565,0.006455894123723217,4.6529119220827475,0.003731930523252702,0.009179857724193732,0.0023886546190738573,1.713748899789426,728,37440,1.0
R6,full,short,48,Q5|L2 - Q1|L2,-0.007158590308814403,-4.045159357543429,5.786436249754527e-05,-0.0031297090802922915,0.0017741875522027458,-1.7640238070696617,0.07814791324064349,-0.006612851616292538,0.0003534334557079551,-0.006455894123723217,-4.6529119220827475,-0.009179857724193732,-0.003731930523252702,-0.0023886546190738742,-1.7137488997894381,728,37440,1.0
R6,full,long,48,Q5|L3 - Q1|L3,0.011071215688405252,5.3424428778803055,1.2270256317278306e-07,0.0044826394459816215,0.0020830467783839847,2.1519629287726443,0.031728898909810455,0.0003931344614272001,0.008572144430536043,0.008705799108939311,4.528690160580771,0.004931765486560312,0.01247983273131831,0.00214963758553946,1.1114014175276408,728,47785,1.0
R6,full,short,48,Q5|L3 - Q1|L3,-0.011071215688405252,-5.3424428778803055,1.2270256317278306e-07,-0.004482639445981632,0.0020830467783839847,-2.1519629287726496,0.03172889890981001,-0.008572144430536053,-0.0003931344614272105,-0.008705799108939311,-4.528690160580771,-0.01247983273131831,-0.004931765486560312,-0.0021496375855394466,-1.1114014175276337,728,47785,1.0
R1,exec,long,48,Q5 - Q1,0.007358472673607499,5.361769919048382,1.1071678806047603e-07,0.0024166781458243567,0.001365298691582318,1.7700728497905016,0.07713408003829535,-0.00026372051952058785,0.005097076811169301,0.005795004007760329,5.442066420366627,0.0037044584572431196,0.00788554955827754,0.0007971280193789475,0.7570692809473322,728,103248,1.0
R1,exec,short,48,Q5 - Q1,-0.007358472673607499,-5.361769919048382,1.1071678806047603e-07,-0.0024166781458243095,0.001365298691582316,-1.7700728497904696,0.07713408003830072,-0.0050970768111692506,0.0002637205195206312,-0.005795004007760329,-5.442066420366627,-0.00788554955827754,-0.0037044584572431196,-0.000797128019378904,-0.7570692809472909,728,103248,1.0
R1,exec,long,48,D10 - D1,0.008997417160073247,5.061666880980465,5.267449245928196e-07,0.0007985312281418452,0.0017665521301241027,0.45202811427124273,0.6513835625265022,-0.002669621199631446,0.004266683655915137,0.009455278964631256,5.874992282799037,0.006295644966284244,0.012614912962978269,0.001242162661317192,0.7777864365767765,728,53332,1.0
R1,exec,short,48,D10 - D1,-0.008997417160073247,-5.061666880980465,5.267449245928196e-07,-0.0007985312281418401,0.001766552130124099,-0.4520281142712408,0.6513835625265035,-0.004266683655915124,0.002669621199631444,-0.009455278964631256,-5.874992282799037,-0.012614912962978269,-0.006295644966284244,-0.0012421626613171284,-0.7777864365767365,728,53332,1.0
R2,exec,long,48,Q5 - Q1,-0.0027996725893188116,-3.6211250487981284,0.00031364156549953503,-0.004686148459790646,0.000790437800481271,-5.928548023560371,4.721450225352222e-09,-0.006237961582084589,-0.0031343353374967027,-0.0027972517320168084,-3.6158654659451748,-0.004316011275986893,-0.0012784921880467245,-0.0046612499182924275,-5.902807228999259,728,118266,9.159613437183311e-07
R2,exec,short,48,Q5 - Q1,0.0027996725893188116,3.6211250487981284,0.00031364156549953503,0.004686148459790619,0.0007904378004812733,5.928548023560319,4.721450225353613e-09,0.003134335337496671,0.0062379615820845665,0.0027972517320168084,3.6158654659451748,0.0012784921880467245,0.004316011275986893,0.004661249918292428,5.902807228999261,728,118266,9.159613437186009e-07
R3,exec,long,48,Q5 - Q1,-0.0016899313723220226,-1.8701669963428527,0.061861175481787836,-0.00021613605088770127,0.0009365515606559251,-0.2307785924101475,0.8175517413487974,-0.0020548044453468717,0.0016225323435714691,-0.0017096558243455085,-1.893471279861269,-0.003482292375812884,6.298072712186708e-05,-0.00031733236474470637,-0.34507747749825907,728,117765,1.0
R3,exec,short,48,Q5 - Q1,0.0016899313723220226,1.8701669963428527,0.061861175481787836,0.00021613605088767772,0.000936551560655924,0.2307785924101226,0.8175517413488168,-0.0016225323435714904,0.0020548044453468457,0.0017096558243455085,1.893471279861269,-6.298072712186708e-05,0.003482292375812884,0.00031733236474470685,0.3450774774982596,728,117765,1.0
R4,exec,long,48,Q5 - Q1,-0.0022914092250416523,-1.9267578786293453,0.054398203299950015,-0.002189553162352232,0.0012679616719835198,-1.7268291390283368,0.08462313505971059,-0.0046788566343670636,0.0002997503096625999,-0.00229673991653778,-1.9317574667163662,-0.0046308909331100045,3.741110003444492e-05,-0.0017748263846021556,-1.6274810591992042,728,121235,1.0
R4,exec,short,48,Q5 - Q1,0.0022914092250416523,1.9267578786293453,0.054398203299950015,0.002189553162352271,0.0012679616719835207,1.7268291390283663,0.08462313505970533,-0.0002997503096625622,0.004678856634367104,0.00229673991653778,1.9317574667163662,-3.741110003444492e-05,0.0046308909331100045,0.0017748263846020602,1.627481059199117,728,121235,1.0
R4,exec,long,48,Q5|L1 - Q1|L1,-0.0006054175125903188,-0.3900135222583701,0.6966404708886456,-0.0008766172335991189,0.0019553842764581295,-0.44830944185915866,0.6540634634753685,-0.004715491054521442,0.0029622565873232034,-0.0009605343916523234,-0.44969456419432646,-0.005153922057478017,0.0032328532741733706,0.0004747048328056036,0.24098854177794427,728,26842,1.0
R4,exec,short,48,Q5|L1 - Q1|L1,0.0006054175125903188,0.3900135222583701,0.6966404708886456,0.0008766172335990821,0.0019553842764581295,0.4483094418591399,0.654063463475382,-0.0029622565873232403,0.004715491054521404,0.0009605343916523234,0.44969456419432646,-0.0032328532741733706,0.005153922057478017,-0.0004747048328056652,-0.24098854177797555,728,26842,1.0
R4,exec,long,48,Q5|L2 - Q1|L2,-0.0045949163738824165,-2.754265250700662,0.006029017822098001,-0.004283298368954223,0.001688324395206734,-2.537011477838497,0.011388280201523757,-0.007597871570761611,-0.0009687251671468351,-0.003937613986975883,-3.07952393911669,-0.006447877344368811,-0.0014273506295829565,-0.00362796812243438,-2.8136803180200416,728,43809,1.0
R4,exec,short,48,Q5|L2 - Q1|L2,0.0045949163738824165,2.754265250700662,0.006029017822098001,0.004283298368954172,0.0016883243952067314,2.537011477838471,0.011388280201524593,0.00096872516714679,0.007597871570761555,0.003937613986975883,3.07952393911669,0.0014273506295829565,0.006447877344368811,0.003627968122434438,2.8136803180200864,728,43809,1.0
R4,exec,long,48,Q5|L3 - Q1|L3,-0.001873367271916777,-1.0116475677827221,0.31204224204930675,-0.00125889068954002,0.001878534942289955,-0.6701449417839512,0.5029782029443819,-0.004946891405546162,0.0024291100264661218,-0.002151696515114213,-1.4429928530117238,-0.0050791268481560695,0.0007757338179276438,-0.001504999254041875,-0.9992398985135957,728,50584,1.0
R4,exec,short,48,Q5|L3 - Q1|L3,0.001873367271916777,1.0116475677827221,0.31204224204930675,0.0012588906895400333,0.001878534942289954,0.6701449417839586,0.5029782029443771,-0.002429110026466107,0.004946891405546173,0.002151696515114213,1.4429928530117238,-0.0007757338179276438,0.0050791268481560695,0.0015049992540418686,0.9992398985135914,728,50584,1.0
R5,exec,long,48,Q5 - Q1,0.0004760003825942976,0.31312833692396264,0.7542727233866799,0.0018096035540637852,0.0013120745561692906,1.3791926270920696,0.16825949657940262,-0.000766303762681185,0.004385510870808755,0.0004696929365213591,0.3089941405209575,-0.002514545483305098,0.003453931356347816,0.0019043154461284278,1.2129206262375023,728,103605,1.0
R5,exec,short,48,Q5 - Q1,-0.0004760003825942976,-0.31312833692396264,0.7542727233866799,-0.0018096035540633973,0.0013120745561692917,-1.379192627091773,0.16825949657949402,-0.0043855108708083694,0.0007663037626815747,-0.0004696929365213591,-0.3089941405209575,-0.003453931356347816,0.002514545483305098,-0.0019043154461283892,-1.2129206262374779,728,103605,1.0
R6,exec,long,48,Q5|L1 - Q1|L1,0.000684140341284466,0.3252976136881878,0.7450491746532953,-0.0016898363612118958,0.0021251249137984526,-0.7951703686874005,0.4267739301853796,-0.0058619505057256145,0.0024822777833018233,-0.0009325011240626651,-0.5693867438708365,-0.004147728893892925,0.0022827266457675945,-0.0034278360203097535,-2.0703570437269625,728,24913,1.0
R6,exec,short,48,Q5|L1 - Q1|L1,-0.000684140341284466,-0.3252976136881878,0.7450491746532953,0.0016898363612118342,0.002125124913798452,0.7951703686873717,0.4267739301853963,-0.002482277783301884,0.005861950505725552,0.0009325011240626651,0.5693867438708365,-0.0022827266457675945,0.004147728893892925,0.0034278360203097457,2.070357043726957,728,24913,1.0
R6,exec,long,48,Q5|L2 - Q1|L2,0.007350567876522317,4.050824458223944,5.651118436738939e-05,0.00322183410815791,0.0018214514299917128,1.7688279001612295,0.07734185396152747,-0.0003540984053949782,0.006797766621710798,0.006845776640506744,4.776760728099601,0.004032198574679371,0.009659354706334116,0.0026753362348318284,1.8552870294091144,728,35443,1.0
R6,exec,short,48,Q5|L2 - Q1|L2,-0.007350567876522317,-4.050824458223944,5.651118436738939e-05,-0.003221834108157933,0.0018214514299917143,-1.7688279001612406,0.07734185396152557,-0.006797766621710824,0.00035409840539495823,-0.006845776640506744,-4.776760728099601,-0.009659354706334116,-0.004032198574679371,-0.0026753362348318423,-1.8552870294091248,728,35443,1.0
R6,exec,long,48,Q5|L3 - Q1|L3,0.009610652801631498,4.56166467836283,5.952861003485759e-06,0.0030973792052050608,0.0021150523942175805,1.4644456154717962,0.14350450807301796,-0.0010549602422349068,0.007249718652645029,0.007834846928352644,4.092221944777471,0.004076117466165784,0.011593576390539505,0.0013545577698968636,0.7041049827777279,728,42892,1.0
R6,exec,short,48,Q5|L3 - Q1|L3,-0.009610652801631498,-4.56166467836283,5.952861003485759e-06,-0.0030973792052050556,0.002115052394217581,-1.4644456154717933,0.14350450807301884,-0.007249718652645024,0.0010549602422349129,-0.007834846928352644,-4.092221944777471,-0.011593576390539505,-0.004076117466165784,-0.0013545577698968465,-0.7041049827777192,728,42892,1.0
R1,live_diag,long,48,Q5 - Q1,0.0075040018171323815,5.248057419573794,2.017686614136876e-07,0.002498492731516036,0.0014226783031759025,1.756189523617918,0.07947708589303512,-0.0002945554480207136,0.005291540911052785,0.006152301948692252,5.769011273592895,0.0040586427646592494,0.008245961132725254,0.0011155871555000641,1.0604605873209756,728,100704,1.0
R1,live_diag,short,48,Q5 - Q1,-0.0075040018171323815,-5.248057419573794,2.017686614136876e-07,-0.0024984927315160267,0.0014226783031759025,-1.7561895236179115,0.0794770858930362,-0.005291540911052776,0.0002945554480207227,-0.006152301948692252,-5.769011273592895,-0.008245961132725254,-0.0040586427646592494,-0.0011155871554999917,-1.0604605873209072,728,100704,1.0
R1,live_diag,long,48,D10 - D1,0.009102456290751704,5.021222636625912,6.461061705090019e-07,0.0008415097374611176,0.0018024413231763265,0.4668721953057418,0.6407312003864838,-0.0026971015179303257,0.004380120992852561,0.0097539805880839,5.982961326791617,0.006553350943081158,0.012954610233086642,0.0014819426032352445,0.9156168972961054,728,52604,1.0
R1,live_diag,short,48,D10 - D1,-0.009102456290751704,-5.021222636625912,6.461061705090019e-07,-0.0008415097374611137,0.0018024413231763265,-0.46687219530573965,0.6407312003864853,-0.004380120992852557,0.0026971015179303296,-0.0097539805880839,-5.982961326791617,-0.012954610233086642,-0.006553350943081158,-0.0014819426032351849,-0.9156168972960683,728,52604,1.0
R2,live_diag,long,48,Q5 - Q1,-0.0024031596435018683,-3.2844037613212795,0.0010708101582148507,-0.004329619180136528,0.0007509914082031083,-5.765204678567464,1.2055422671877856e-08,-0.0058039898659387745,-0.0028552484943342813,-0.0024147584681090202,-3.3002168091001454,-0.0038512430133679394,-0.0009782739228501008,-0.00434887787844893,-5.79398375270673,728,116187,2.338751998344304e-06
R2,live_diag,short,48,Q5 - Q1,0.0024031596435018683,3.2844037613212795,0.0010708101582148507,0.0043296191801365305,0.0007509914082031066,5.76520467856748,1.2055422671876794e-08,0.0028552484943342874,0.005803989865938774,0.0024147584681090202,3.3002168091001454,0.0009782739228501008,0.0038512430133679394,0.0043488778784489205,5.793983752706716,728,116187,2.338751998344098e-06
R3,live_diag,long,48,Q5 - Q1,-0.0019235021084952463,-2.160789084618574,0.031036693358817716,-0.00031573743399611597,0.0009042554555906083,-0.3491684037337593,0.7270639932921803,-0.0020910010676900145,0.0014595261996977827,-0.0019318535655990236,-2.170091435889844,-0.0036795496084956972,-0.00018415752270235005,-0.000338202751357772,-0.374474883458568,728,116306,1.0
R3,live_diag,short,48,Q5 - Q1,0.0019235021084952463,2.160789084618574,0.031036693358817716,0.00031573743399610676,0.0009042554555906106,0.34916840373374824,0.7270639932921887,-0.0014595261996977963,0.0020910010676900097,0.0019318535655990236,2.170091435889844,0.00018415752270235005,0.0036795496084956972,0.0003382027513578287,0.3744748834586308,728,116306,1.0
R4,live_diag,long,48,Q5 - Q1,-0.002172461166393003,-2.1424838813167804,0.0324851308480959,-0.001856253689177294,0.001025403529287578,-1.8102665303550962,0.07066721924239285,-0.003869359149753871,0.00015685177139928273,-0.0021804906691838496,-2.1515909177674533,-0.0041700837518239406,-0.00019089758654375864,-0.0018738979038297177,-1.8275884883648776,728,116235,1.0
R4,live_diag,short,48,Q5 - Q1,0.002172461166393003,2.1424838813167804,0.0324851308480959,0.0018562536891773352,0.0010254035292875767,1.8102665303551386,0.07066721924238624,-0.00015685177139923893,0.003869359149753909,0.0021804906691838496,2.1515909177674533,0.00019089758654375864,0.0041700837518239406,0.0018738979038296472,1.8275884883648095,728,116235,1.0
R4,live_diag,long,48,Q5|L1 - Q1|L1,-0.002278664122996715,-1.0988780455818685,0.272184040980897,-0.0025134991415428033,0.002096467891820171,-1.1989208856237537,0.23094934760458471,-0.006629352891216237,0.0016023546081306303,-0.0011101728818275693,-0.6724971594516794,-0.004351104684532016,0.0021307589208768777,-0.0012812947758878816,-0.7669302119384859,728,23611,1.0
R4,live_diag,short,48,Q5|L1 - Q1|L1,0.002278664122996715,1.0988780455818685,0.272184040980897,0.002513499141542829,0.0020964678918201723,1.1989208856237652,0.23094934760458027,-0.0016023546081306073,0.0066293528912162655,0.0011101728818275693,0.6724971594516794,-0.0021307589208768777,0.004351104684532016,0.0012812947758878963,0.766930211938495,728,23611,1.0
R4,live_diag,long,48,Q5|L2 - Q1|L2,-0.00358555599845509,-2.522856545558101,0.011852245090847674,-0.00313012815339979,0.0014329251325405858,-2.1844324468299696,0.029249213871586414,-0.005943293240630403,-0.0003169630661691769,-0.0035815505117766425,-2.7931837430925284,-0.006098887209373637,-0.0010642138141796478,-0.00316578217276627,-2.4391282116233888,728,42728,1.0
R4,live_diag,short,48,Q5|L2 - Q1|L2,0.00358555599845509,2.522856545558101,0.011852245090847674,0.003130128153399832,0.001432925132540583,2.1844324468300034,0.029249213871583923,0.00031696306616922415,0.00594329324063044,0.0035815505117766425,2.7931837430925284,0.0010642138141796478,0.006098887209373637,0.003165782172766262,2.4391282116233834,728,42728,1.0
R4,live_diag,long,48,Q5|L3 - Q1|L3,-0.0012662544452913883,-0.7376200882892607,0.4609826963735036,-0.0006438036891485853,0.0017386599804388176,-0.3702872881367504,0.7112762970017737,-0.00405719734417055,0.002769589965873379,-0.0017411476678268203,-1.1553828924154024,-0.004699701016480246,0.0012174056808266053,-0.001127783697774539,-0.7367668125289853,728,49896,1.0
R4,live_diag,short,48,Q5|L3 - Q1|L3,0.0012662544452913883,0.7376200882892607,0.4609826963735036,0.0006438036891485636,0.0017386599804388183,0.3702872881367378,0.7112762970017831,-0.0027695899658734023,0.004057197344170529,0.0017411476678268203,1.1553828924154024,-0.0012174056808266053,0.004699701016480246,0.0011277836977744862,0.7367668125289508,728,49896,1.0
R5,live_diag,long,48,Q5 - Q1,0.0022490960505457073,1.7986594266305693,0.07248610957866328,0.0032587779027400702,0.0012697645268151426,2.5664427017140135,0.010473895244870772,0.0007659350076566558,0.005751620797823485,0.002241486644259806,1.7942118388613308,-0.00021114410967982677,0.004694117398199439,0.003254230508582019,2.5689399390854213,728,116233,1.0
R5,live_diag,short,48,Q5 - Q1,-0.0022490960505457073,-1.7986594266305693,0.07248610957866328,-0.0032587779027400776,0.0012697645268151417,-2.566442701714021,0.010473895244870548,-0.00575162079782349,-0.0007659350076566649,-0.002241486644259806,-1.7942118388613308,-0.004694117398199439,0.00021114410967982677,-0.0032542305085819703,-2.5689399390853835,728,116233,1.0
R6,live_diag,long,48,Q5|L1 - Q1|L1,0.0008450721619961315,0.36585304584731154,0.7145808717532801,-0.001664310718847702,0.0023291923805165947,-0.7145441195709958,0.47512015216910686,-0.006237056731540907,0.0029084352938455026,-0.00039740185100186877,-0.26169240422466583,-0.0033787212129035562,0.002583917510899819,-0.0029661169780184414,-1.9371116362515104,728,22527,1.0
R6,live_diag,short,48,Q5|L1 - Q1|L1,-0.0008450721619961315,-0.36585304584731154,0.7145808717532801,0.001664310718847676,0.002329192380516598,0.7145441195709836,0.47512015216911435,-0.0029084352938455356,0.006237056731540888,0.00039740185100186877,0.26169240422466583,-0.002583917510899819,0.0033787212129035562,0.002966116978018434,1.937111636251505,728,22527,1.0
R6,live_diag,long,48,Q5|L2 - Q1|L2,0.007382367041565766,4.053406761136239,5.590438605884093e-05,0.0032466796000339684,0.0018281564597868263,1.775930929025927,0.07616251512808282,-0.0003424164454440045,0.006835775645511941,0.006930299616271784,4.821692660190143,0.004108525675677712,0.009752073556865856,0.0027534641986881147,1.9043701362873395,728,35344,1.0
R6,live_diag,short,48,Q5|L2 - Q1|L2,-0.007382367041565766,-4.053406761136239,5.590438605884093e-05,-0.003246679600033979,0.0018281564597868263,-1.7759309290259329,0.07616251512808195,-0.006835775645511952,0.0003424164454439941,-0.006930299616271784,-4.821692660190143,-0.009752073556865856,-0.004108525675677712,-0.0027534641986881707,-1.9043701362873788,728,35344,1.0
R6,live_diag,long,48,Q5|L3 - Q1|L3,0.009622286364347917,4.554900711568565,6.142154374229312e-06,0.003104508318755332,0.0021208445653332323,1.4638075649205082,0.14367876903227125,-0.001059202506847936,0.007268219144358601,0.00788292594983628,4.106132792533988,0.004113942861894164,0.011651909037778395,0.001398727224132688,0.7251101216398105,728,42833,1.0
R6,live_diag,short,48,Q5|L3 - Q1|L3,-0.009622286364347917,-4.554900711568565,6.142154374229312e-06,-0.0031045083187553053,0.0021208445653332323,-1.4638075649204954,0.1436787690322749,-0.007268219144358573,0.0010592025068479629,-0.00788292594983628,-4.106132792533988,-0.011651909037778395,-0.004113942861894164,-0.0013987272241326803,-0.7251101216398066,728,42833,1.0
